Player,Team,GP,MPG,FGM,FGA,FG%,THPM,3PA,3P%,FTM,FTA,FT%,TOV,PF,ORB,DRB,RPG,APG,SPG,BPG,PPG,DRAFT
R.J. Barrett,DUKE,38,35.3,8.4,18.5,0.454,1.9,6.2,0.308,3.9,5.9,0.665,3.2,1.8,1.6,6,7.6,4.3,0.9,0.4,22.6,1
Zion Williamson,DUKE,33,30,9,13.2,0.68,0.7,2.2,0.338,3.9,6.2,0.64,2.4,2.1,3.5,5.4,8.9,2.1,2.1,1.8,22.6,1
Marcquise Reed,CLEM,31,35.4,6.5,14.8,0.44,1.5,4.4,0.356,4.8,5.7,0.843,2.7,1.9,0.7,4.8,5.5,3,2.1,0,19.4,0
Ky Bowman,BC,31,39.4,6.3,15.6,0.404,2.5,6.8,0.374,3.8,5,0.761,2.9,2.6,0.8,6.7,7.5,4,1.4,0.6,19,0
Tyus Battle,SU,32,36.3,5.9,13.6,0.431,1.3,4.1,0.321,4.1,5.4,0.763,1.8,2.2,0.7,2.6,3.3,2.5,1.2,0.2,17.2,0
Jordan Nwora,U of L,34,31.8,5.8,13.1,0.446,2.3,6.1,0.374,3.1,4,0.765,2.4,2.1,1.2,6.5,7.6,1.3,0.9,0.4,17,0
Cameron Johnson,UNC,36,29.9,5.9,11.6,0.506,2.7,5.8,0.457,2.5,3.1,0.818,1.5,1.5,1.8,3.9,5.8,2.4,1.2,0.3,16.9,1
Nickeil Alexander-Walker,VT,34,34.3,5.6,11.8,0.474,1.7,4.6,0.374,3.3,4.2,0.778,2.9,2.3,0.5,3.6,4.1,4,1.9,0.5,16.2,1
Chris Lykes,UM,32,33.8,5.3,13.2,0.406,1.9,6,0.318,3.6,4.6,0.781,2.9,2.2,0.4,2.2,2.7,3.2,1.3,0,16.2,0
Coby White,UNC,35,28.5,5.4,12.7,0.423,2.3,6.6,0.353,3,3.7,0.8,2.7,1.9,0.3,3.2,3.5,4.1,1.1,0.3,16.1,1
Xavier Johnson,PITT,33,31.1,4.8,11.6,0.415,1.1,3.2,0.352,4.8,6.3,0.751,4,2.7,1.2,2.7,3.9,4.5,1.3,0.1,15.5,0
Kyle Guy,UVA,38,35.4,5.2,11.6,0.449,3.2,7.4,0.426,1.8,2.2,0.833,1.4,1,0.7,3.8,4.5,2.1,0.7,0.1,15.4,1
De'Andre Hunter,UVA,38,32.5,5.4,10.4,0.52,1.2,2.8,0.438,3.2,4.1,0.783,1.4,2,1.4,3.7,5.1,2,0.6,0.6,15.2,1
"Kerry Blackshear, Jr.",VT,35,30,5.3,10.3,0.508,0.6,1.8,0.333,3.8,5.2,0.736,1.8,3.3,3.1,4.5,7.5,2.4,0.7,0.8,14.9,0
Luke Maye,UNC,36,30.9,5.5,12.8,0.43,1,3.5,0.288,2.9,3.7,0.774,2,2.6,2.6,7.9,10.4,2.3,0.6,0.6,14.9,0
Brandon Childress,WF,31,36.4,4.2,11,0.383,2.4,6.5,0.368,3.9,4.9,0.796,2.7,2.4,0.4,3.4,3.8,4,1.5,0,14.7,0
Nik Popovic,BC,28,29.6,5.8,11,0.526,0.4,1.5,0.256,2.5,3.5,0.714,2.1,2.8,2.4,4.8,7.2,1.1,0.5,0.8,14.5,0
John Mooney,ND,33,29.6,5.2,11.3,0.455,1,2.8,0.374,2.7,3.5,0.769,1.3,2,2.9,8.3,11.2,1.3,0.9,0.8,14.1,0
Torin Dorn,NCST,36,28.5,5.8,12.1,0.482,0.6,2.1,0.303,1.8,3,0.589,1.4,1.4,2.2,5,7.2,1.2,1,0.2,14,0
Wynston Tabbs,BC,15,31.2,4.8,10.9,0.439,1.2,3.7,0.321,3.1,3.8,0.825,1.7,1.9,0.3,3.6,3.9,2.7,1.1,0.2,13.9,0
Elijah Hughes,SU,34,32.6,4.6,10.8,0.421,2.6,6.9,0.369,2,2.7,0.742,1.9,2.1,0.7,3.6,4.3,1.5,1.2,0.8,13.7,0
Ty Jerome,UVA,37,34,4.8,11.1,0.435,2.1,5.4,0.399,1.8,2.5,0.736,1.6,1.8,0.5,3.8,4.2,5.5,1.5,0,13.6,1
Cam Reddish,DUKE,36,29.7,4.3,12,0.356,2.5,7.4,0.333,2.4,3.2,0.772,2.7,2.4,0.6,3.1,3.7,1.9,1.6,0.6,13.5,1
Justin Robinson,VT,24,29.7,4,8.5,0.473,1.7,4.1,0.418,3.8,4.6,0.811,2.8,1.5,0.6,2.6,3.2,5,1.6,0.1,13.5,0
T.J. Gibbs,ND,32,36.1,4.3,12.4,0.347,2.1,6.6,0.318,2.7,3.6,0.757,1.2,2,0.4,1.5,1.9,3.4,1.2,0.1,13.4,0
Mfiondu Kabengele,FSU,37,21.6,4.4,8.8,0.502,0.6,1.8,0.369,3.7,4.9,0.761,1.3,2.6,2.1,3.8,5.9,0.3,0.6,1.5,13.2,1
Jordan Chatman,BC,27,35.6,4.1,10.9,0.376,2.1,6.1,0.348,2.9,3.5,0.819,1.5,1.8,0.4,1.8,2.2,2,0.3,0.1,13.2,0
Jaylen Hoard,WF,31,30.2,4.9,10.7,0.458,0.4,1.7,0.226,2.9,4.1,0.717,2.5,2.2,2.6,5,7.6,1.5,0.6,0.6,13.1,0
Ahmed Hill,VT,35,35.3,4.7,10.6,0.443,2.1,5.5,0.391,1.6,2,0.812,1.3,2,0.7,3.2,3.9,1.3,0.8,0.1,13.1,0
Elijah Thomas,CLEM,34,25.6,5.1,8.3,0.612,0,0,0,2.9,4.5,0.638,2.8,3.3,2.5,5.3,7.8,1.4,0.8,2.2,13,0
Jared Wilson-Frame,PITT,32,31.3,4.3,10.6,0.409,3.1,7.8,0.395,0.9,1.2,0.769,1.2,2.3,1.2,3.8,5,1.4,0.5,0.2,12.7,0
Markell Johnson,NCST,33,25.3,4.4,8.9,0.488,2.1,4.9,0.422,1.8,2.4,0.747,2.2,2.1,0.7,1.9,2.6,4.2,1.1,0.2,12.6,0
"Anthony Lawrence, Jr.",UM,32,33.5,4.4,9.7,0.453,1.6,4.6,0.347,2.2,2.8,0.758,2.5,1.9,0.9,5.8,6.7,3.1,1.2,0.7,12.6,0
Jose Alvarado,GT,31,34.2,4.3,10.9,0.392,1.4,5,0.286,2.5,3.4,0.743,2,2.5,0.7,3.2,3.9,3.4,1.8,0.1,12.5,0
OShae Brissett,SU,34,33,4.3,11,0.393,0.9,3.3,0.27,2.9,4.4,0.66,2,2.1,2.2,5.3,7.5,1.8,1,0.8,12.4,0
Chaundee Brown,WF,31,29,4.2,10.2,0.408,1.4,4.3,0.323,2.2,2.6,0.84,1.5,1.8,1.7,3.3,4.9,1.2,0.7,0.2,11.9,0
Dejan Vasiljevic,UM,32,32,3.9,9.8,0.401,2.5,6.9,0.367,1.4,1.5,0.918,0.8,1.6,1,3.5,4.5,1.2,0.7,0,11.8,0
Zach Johnson,UM,32,31,4,10.2,0.391,1,3.6,0.289,2.8,4.3,0.65,2,2,0.4,2.4,2.8,2.4,1.7,0.4,11.8,0
Trey McGowens,PITT,33,27.8,3.4,8.2,0.417,1,3,0.327,3.8,5,0.764,2.4,2.8,0.6,2.6,3.2,1.7,1.9,0.1,11.6,0
C.J. Bryce,NCST,36,27.2,4.3,9.2,0.468,1.1,3.1,0.345,1.9,2.5,0.756,1.5,1.7,1.6,3.1,4.6,1.8,1.1,0.4,11.6,0
Shelton Mitchell,CLEM,32,32.8,3.8,9.9,0.379,1.5,4.6,0.324,2.5,3,0.833,2.2,1,0.4,2.3,2.7,3,1,0,11.5,0
Terance Mann,FSU,37,31.7,4,7.9,0.505,0.8,2.1,0.39,2.6,3.4,0.79,1.8,2.2,2.5,4,6.5,2.5,0.7,0.3,11.4,1
Ebuka Izundu,UM,32,27.5,4.6,7,0.653,0,0.1,0.333,1.7,2.5,0.684,1.4,3.1,3.5,4.9,8.3,1,0.8,1.2,10.9,0
D.J. Harvey,ND,29,25.8,3.6,9.2,0.39,1.2,4,0.299,2.3,3.1,0.747,1.5,1.9,0.8,3.4,4.2,0.7,0.6,0.5,10.7,0
James Banks,GT,31,30.5,4.1,7.3,0.564,0,0,0,2.3,3.3,0.68,2.3,2.9,2.6,5.1,7.8,1.4,0.5,2.5,10.5,0
Christen Cunningham,U of L,33,31.4,3.3,7.1,0.466,0.9,2.6,0.337,2.6,3.4,0.784,2,1.4,0.2,2,2.2,4.8,0.5,0.1,10.1,0
Dwayne Sutton,U of L,34,31.4,3.3,7.7,0.431,1.4,4.1,0.348,1.9,2.6,0.75,1.5,2.4,2.2,4.6,6.9,1.9,0.9,0.3,10,0
Nassir Little,UNC,36,18.2,3.6,7.6,0.478,0.4,1.4,0.269,2.1,2.8,0.77,1.3,1.6,1.6,3,4.6,0.6,0.5,0.5,9.8,1
Michael Devoe,GT,32,32.2,3.2,7.8,0.404,1.3,3.3,0.393,2.1,2.9,0.71,2.2,1.8,0.4,2.9,3.3,2.5,1.4,0.5,9.7,0
Steven Enoch,U of L,34,19.2,3.6,6.8,0.528,0.4,1.1,0.359,1.9,2.3,0.818,1,2.5,1.5,3.7,5.2,0.2,0.2,0.6,9.4,0
Braxton Beverly,NCST,35,29.5,3.1,8.4,0.363,2.2,6.3,0.347,1.1,1.5,0.722,1.2,1.9,0.2,1.4,1.7,2.5,0.9,0,9.4,0
Tre Jones,DUKE,36,34.2,3.7,8.9,0.414,0.8,2.9,0.262,1.3,1.7,0.758,1.5,1.6,0.9,2.9,3.8,5.3,1.9,0.2,9.4,0
Trent Forrest,FSU,37,29.9,3,6.9,0.439,0.2,0.8,0.233,3.1,3.9,0.779,2,1.6,0.8,3.7,4.5,3.7,1.9,0.2,9.3,0
Devon Daniels,NCST,36,23.5,3.6,8.7,0.409,1,3.3,0.311,1.1,1.7,0.661,1.8,2.3,0.8,3.5,4.4,1.6,0.9,0.6,9.3,0
Frank Howard,SU,29,26.9,3,8.3,0.364,1.8,5.2,0.338,1.1,1.4,0.775,2,2.2,0.3,1.6,2,2.9,1.5,0.1,8.9,0
D.J. Funderburk,NCST,36,19.9,3,5.4,0.552,0.2,0.7,0.269,2.6,3.4,0.785,1,2.9,2.1,2.1,4.2,0.4,0.5,1.1,8.8,0
Ty Outlaw,VT,35,29.5,2.8,6.2,0.45,2.3,5,0.454,0.7,1,0.694,0.6,2.3,1,4.3,5.2,0.9,0.5,0.4,8.6,0
Kenny Williams,UNC,36,30,3,7.4,0.399,1.2,4.1,0.295,1.4,1.8,0.797,1.6,1.8,1.1,2.8,3.9,3.5,0.9,0.3,8.6,0
Prentiss Hubb,ND,33,33.5,2.9,8.9,0.324,1.3,5,0.262,1.1,1.6,0.673,1.9,2.1,0.8,2.2,3.1,4,1,0.4,8.1,0
Rex Pflueger,ND,10,30.5,2.3,5.9,0.39,1.4,3.6,0.389,2.1,2.6,0.808,1.6,1.4,0.9,3.8,4.7,4.3,1.7,0.6,8.1,0
Aamir Simms,CLEM,34,26.6,3.1,7,0.441,1.2,3.6,0.331,0.7,0.9,0.75,1.3,2.4,1.5,3.1,4.6,1,0.6,0.7,8.1,0
Garrison Brooks,UNC,36,23,3.2,5.6,0.574,0,0,0,1.5,2.3,0.639,0.8,2.9,2.3,3.4,5.6,1.2,0.6,0.5,7.9,0
Malik Williams,U of L,34,18.2,2.5,6,0.42,0.8,2.6,0.318,1.8,2.6,0.701,0.9,2.5,1.9,4.3,6.1,0.3,0.3,1.1,7.7,0
David Skara,CLEM,33,31.2,2.7,5.8,0.468,1,2.8,0.363,1.2,1.6,0.722,1.2,2.1,1.1,3.1,4.2,1.5,0.7,0.5,7.6,0
M.J. Walker,FSU,35,25.9,2.4,7.1,0.34,1.3,3.8,0.328,1.4,1.8,0.778,1.9,2.6,0.4,1.8,2.2,1.6,0.8,0.2,7.5,0
Au'Diese Toney,PITT,32,25.2,2.5,6.9,0.36,0.5,2.2,0.246,2,3,0.663,1.1,1.9,1.9,3.7,5.6,0.5,0.7,0.1,7.5,0
Mamadi Diakite,UVA,38,21.8,3.2,5.8,0.55,0.1,0.4,0.294,0.9,1.3,0.7,0.9,2.1,1.5,2.9,4.4,0.3,0.4,1.7,7.4,0
Phil Cofer,FSU,22,26.1,2.8,7.1,0.391,1.3,3.8,0.349,0.5,1,0.571,1.4,1.4,0.6,2.9,3.5,0.8,0.1,0.1,7.4,0
Ryan McMahon,U of L,34,19.2,2,5.3,0.376,1.6,4.4,0.353,1.7,1.8,0.95,1.2,1.4,0.1,1,1.1,1.8,0.4,0.1,7.2,0
"Sharone Wright, Jr.",WF,31,22.2,2.7,6.6,0.41,0.6,2,0.317,1,1.8,0.554,1.3,1.9,0.5,1.8,2.4,1,0.4,0,7.1,0
Brandon Alston,GT,26,17.7,2.3,5,0.462,0.8,2.1,0.389,1.6,1.9,0.837,1.4,1.6,0.2,1.5,1.7,1,0.3,0.1,7,0
Nate Laszewski,ND,33,19,2.2,5.7,0.392,1.3,3.9,0.338,1.1,1.5,0.72,0.5,1.7,1.4,2.5,3.9,0.2,0.2,0.4,6.9,0
Buddy Boeheim,SU,32,17.1,2.2,5.9,0.379,1.5,4.2,0.353,0.8,1,0.788,0.8,1.2,0.6,1.1,1.6,1,0.6,0.1,6.8,0
Moses Wright,GT,30,18.4,2.9,6.2,0.468,0.2,0.8,0.208,0.7,1.5,0.489,1.1,1.2,0.8,3,3.8,0.8,0.4,0.6,6.7,0
Abdoulaye Gueye,GT,30,17.3,2.8,5.4,0.519,0.1,0.3,0.222,0.9,1.6,0.596,1.3,2.2,1.2,2.5,3.7,0.8,0.6,0.9,6.6,0
Christ Koumadje,FSU,37,15.6,2.9,4.6,0.627,0,0,0,0.9,1.5,0.582,1.2,2,2,3.6,5.6,0.2,0.2,1.4,6.6,0
Isaiah Mucius,WF,31,21.8,2.3,7.1,0.32,0.6,2.6,0.235,1.4,2.3,0.614,1,1.2,1.3,2.5,3.7,0.7,0.4,0.3,6.5,0
Dane Goodwin,ND,33,24.5,2.1,5.6,0.376,0.7,2.1,0.343,1.4,1.8,0.77,0.8,1.2,1.2,2.1,3.2,1.1,0.4,0.2,6.4,0
David Nichols,FSU,35,17.5,2.2,5.7,0.387,1,3.1,0.318,1,1.4,0.694,1.4,2.2,0.3,1.4,1.7,1.7,0.7,0.1,6.4,0
Olivier Sarr,WF,25,21.7,2.2,4.6,0.474,0.2,0.6,0.25,1.7,2.4,0.705,1.5,2.9,2.3,3.2,5.5,0.5,0.4,1,6.2,0
Clyde Trapp,CLEM,34,24,2,5.1,0.399,0.8,2.5,0.306,1.2,1.8,0.645,1.7,2.1,0.4,2.9,3.4,1.6,0.9,0.2,6,0
Jared Hamilton,BC,20,24.7,2.4,5.6,0.429,0.2,1.4,0.138,0.9,1.7,0.559,0.8,1.4,1.1,1.1,2.1,0.5,0.6,0.2,6,0
P.J. Savoy,FSU,37,14.6,1.8,5.1,0.364,1.4,4.3,0.329,0.9,1.1,0.821,0.8,1.2,0.2,1,1.2,0.5,0.5,0.1,5.9,0
Sidy N'dir,PITT,29,20.2,2.1,5.2,0.407,0.5,2.2,0.238,1.2,2,0.614,1.2,1.3,0.5,1.6,2.1,1.9,0.8,0.4,5.9,0
Torry Johnson,WF,26,21.7,1.6,4.3,0.372,0.5,1.6,0.341,2.1,2.7,0.775,1.7,2,0.2,1.6,1.8,1.4,0.6,0,5.9,0
Malik Ellison,PITT,31,21,2.2,5,0.445,0.1,0.5,0.188,1.3,2.4,0.541,1.6,2.2,1.2,2.6,3.8,1.2,0.6,0.3,5.8,0
Juwan Durham,ND,27,15.3,2.3,3.9,0.575,0,0,0,1.2,1.7,0.696,0.7,2.1,1.4,2.5,3.9,0.4,0.4,2.3,5.7,0
Terrell Brown,PITT,33,19,2.1,4.7,0.436,0.1,0.4,0.231,1.5,2.2,0.658,1.1,2.1,1.7,2.9,4.5,0.2,0.2,1.8,5.7,0
Braxton Key,UVA,38,19.8,1.9,4.5,0.433,0.5,1.6,0.305,1.3,1.8,0.731,0.7,1.7,1.3,3.9,5.3,1,0.9,0.6,5.7,0
Curtis Haywood II,GT,29,21.7,1.9,5.4,0.357,1.1,4,0.276,0.7,0.9,0.76,1.4,1.4,0.2,2.4,2.7,2,1.2,0.1,5.6,0
Jairus Hamilton,BC,30,20.9,2,4.9,0.401,0.7,2.2,0.299,1,1.5,0.644,1.7,2,1.1,2.9,4,0.8,0.3,0.2,5.6,0
Darius Perry,U of L,33,16.3,1.8,4,0.447,0.8,2.2,0.375,1,1.3,0.81,1.2,2,0.2,1.2,1.4,1.5,0.4,0,5.4,0
Sam Waardenburg,UM,32,24.9,1.8,4.2,0.418,0.6,1.7,0.352,1.2,1.6,0.75,1.2,2.2,1.1,2.4,3.5,1.2,0.5,0.3,5.3,0
Jericole Hellems,NCST,36,13.7,2,5.1,0.386,0.6,1.9,0.319,0.8,1,0.75,1,1.8,0.9,1.6,2.5,0.7,0.4,0.3,5.3,0
Marques Bolden,DUKE,35,19,1.9,3.3,0.579,0,0.2,0,1.5,2.1,0.726,0.7,2.1,1.9,2.5,4.5,0.5,0.5,1.7,5.3,0
Elijah Burns,ND,4,11,1.2,2.5,0.5,0.2,0.2,1,2.5,2.8,0.909,0,0.5,2,1.8,3.8,0.5,0,0.2,5.2,0
Wyatt Walker,NCST,36,17.9,1.9,3.2,0.581,0.1,0.1,0.4,0.9,1.4,0.667,1.1,3,1.8,2.6,4.5,0.8,0.4,0.9,4.8,0
Isaiah Wilkins,VT,34,14.3,1.7,3.4,0.487,0.6,1.6,0.407,0.7,0.9,0.742,0.6,1.1,0.9,1.4,2.3,0.6,0.5,0.1,4.7,0
Steffon Mitchell,BC,27,29.1,1.1,2.7,0.425,0,0.7,0.056,2.3,4,0.565,0.8,2.3,2.8,5.1,7.9,2.3,1.1,1.2,4.6,0
Kihei Clark,UVA,38,26.8,1.4,4.1,0.35,0.8,2.2,0.341,0.9,1.1,0.825,1,1.4,0.4,1.9,2.3,2.6,0.7,0,4.5,0
Devin Vassell,FSU,33,10.7,1.6,3.6,0.437,0.8,1.9,0.419,0.6,0.8,0.679,0.4,0.9,0.4,1.2,1.5,0.6,0.5,0.3,4.5,0
Alex O'Connell,DUKE,36,14,1.5,3.4,0.447,0.8,2.2,0.375,0.5,0.7,0.76,0.8,0.5,0.4,1.4,1.9,0.6,0.6,0,4.4,0
Jay Huff,UVA,34,9.3,1.7,2.8,0.604,0.4,0.9,0.452,0.6,0.9,0.667,0.5,1.5,0.6,1.6,2.1,0.2,0.2,0.7,4.4,0
Paschal Chukwu,SU,33,20.1,1.5,2.1,0.721,0,0,0,1.4,2.2,0.639,0.9,3,2.5,2.9,5.4,0.2,0.7,1.7,4.4,0
Eric Lockett,NCST,25,15.5,1.7,3.5,0.477,0.4,1,0.423,0.6,0.9,0.609,0.7,1.6,1.2,1.7,2.9,1.2,0.6,0.2,4.4,0
Khalid Moore,GT,31,16.4,1.3,2.7,0.476,0.2,0.7,0.318,1.4,2.1,0.656,0.7,1.7,0.2,1.3,1.5,1.2,0.4,0.1,4.2,0
"Chris Herren, Jr.",BC,31,15.6,1.5,4.2,0.359,0.8,2.6,0.321,0.3,0.6,0.5,0.8,1.5,0.5,1.1,1.7,0.6,0.4,0.1,4.2,0
Marek Dolezaj,SU,34,21.7,1.5,2.7,0.559,0.3,0.9,0.379,0.8,1.3,0.591,1.1,2.8,1.1,2.4,3.5,1.6,1.3,0.5,4.1,0
Jack White,DUKE,35,20.5,1.3,3.7,0.359,0.8,2.8,0.278,0.7,0.8,0.852,0.7,1.8,1.3,3.4,4.7,0.7,0.6,1.1,4.1,0
Evan Cole,GT,18,12.3,1.4,3.3,0.433,0.2,1.1,0.2,1,1.4,0.692,1.2,1.6,0.6,1.9,2.4,0.6,0.5,0.4,4.1,0
Ian Steere,NCST,1,5,2,2,1,0,0,0,0,0,0,0,0,0,4,4,1,0,0,4,0
V.J. King,U of L,32,13.7,1.4,3.8,0.367,0.1,1.1,0.114,1.1,1.3,0.791,0.8,1.4,0.8,2.2,3,0.6,0.2,0.1,3.9,0
Raiquan Gray,FSU,36,12.2,1.4,3.2,0.435,0.3,0.9,0.312,0.9,1.2,0.721,0.9,1.7,0.6,1.7,2.3,0.8,0.8,0.2,3.9,0
Kene Chukwuka,PITT,32,18.2,1.5,2.8,0.534,0.2,0.7,0.217,0.8,1.1,0.735,0.6,2.5,1.4,2.1,3.5,0.4,0.3,0.6,3.9,0
Javin DeLaurier,DUKE,38,16.3,1.6,2.1,0.747,0,0,0,0.7,1.3,0.56,0.8,2.7,1.7,2.6,4.4,0.4,0.9,1.3,3.8,0
Wabissa Bede,VT,35,25.3,1.5,3.6,0.402,0.7,1.9,0.354,0.2,0.4,0.538,1.1,1.7,0.2,2.2,2.5,2.3,1.1,0.1,3.8,0
Shamiel Stevenson,PITT,4,8,1.8,3,0.583,0.2,0.2,1,0,0.2,0,0.8,0.8,0,1.8,1.8,0.2,0.8,0.2,3.8,0
Jack Salt,UVA,37,16.6,1.5,2.5,0.602,0,0,0,0.6,1.3,0.511,0.6,2.2,1.5,2.2,3.7,0.4,0.3,0.3,3.7,0
Robby Carmody,ND,9,10,1.2,3.8,0.324,0.1,1.2,0.091,1.1,1.4,0.769,1.2,1.2,1,0.7,1.7,0.2,0.4,0.1,3.7,0
Sterling Manley,UNC,18,8.3,1.4,2.5,0.578,0,0,0,0.6,1.1,0.55,0.7,1.4,0.8,2.2,2.9,0.2,0.2,0.4,3.5,0
Jalen Carey,SU,25,12.2,1.2,3,0.392,0.2,0.9,0.174,1,1.6,0.625,1.6,0.5,0.2,1.3,1.6,1,0.6,0.2,3.5,0
Brandon Robinson,UNC,35,11.8,1.2,2.4,0.494,0.7,1.4,0.46,0.3,0.5,0.632,0.5,1.4,0.5,1.1,1.6,1.4,0.4,0.1,3.4,0
P.J. Horne,VT,29,13.1,1.4,2.6,0.568,0,0.3,0.125,0.4,0.6,0.75,0.9,1.7,1.1,1.1,2.2,0.3,0.2,0.3,3.3,0
Khwan Fore,U of L,34,19.2,1.3,3.6,0.355,0.4,1.1,0.316,0.4,0.6,0.591,0.8,1.4,0.2,1.1,1.3,1.2,0.6,0,3.3,0
Blake Harris,NCST,30,9.5,0.9,2.2,0.424,0.3,0.6,0.421,0.9,1.3,0.737,1,1.4,0.2,1.1,1.3,1.5,0.7,0,3.1,0
Kristian Sjolund,GT,21,9.5,1,2.7,0.357,0.7,2.1,0.333,0.4,0.5,0.8,0.7,1.2,0.1,1,1,0.2,0.2,0.1,3,0
Nikola Djogo,ND,21,12.5,1,2.3,0.438,0.4,1.4,0.31,0.2,0.4,0.625,0.4,0.8,0.4,1.8,2.1,0.8,0.4,0.1,2.7,0
Anthony Polite,FSU,30,10.5,0.9,2.3,0.382,0.4,1.5,0.239,0.6,0.7,0.773,0.6,1.3,0.5,1.1,1.6,0.6,0.6,0,2.7,0
Anthony Mack,UM,28,15.4,0.9,3.1,0.295,0.6,2.3,0.277,0.1,0.1,0.75,0.5,1,0.2,0.8,1,0.7,0.4,0.1,2.6,0
Khameron Davis,PITT,26,13,0.7,1.9,0.38,0.5,1.5,0.316,0.6,0.9,0.696,0.5,0.8,0.2,2,2.2,0.3,0.7,0.2,2.5,0
Deng Gak,UM,8,14.6,1,3,0.333,0,0.1,0,0.5,1.2,0.4,0.4,1.9,2,2.1,4.1,0.6,0.1,1.1,2.5,0
Leaky Black,UNC,23,10.3,1,2.1,0.469,0.2,0.5,0.417,0.3,0.3,0.857,0.7,1.2,0.4,1.7,2.1,1.2,0.6,0.2,2.5,0
Seventh Woods,UNC,34,10.8,0.9,2.2,0.419,0.1,0.3,0.4,0.5,0.8,0.643,1.5,1.1,0.1,0.9,1,2.1,0.9,0.1,2.5,0
Ikenna Smart,WF,27,15,0.9,2.1,0.429,0,0,0,0.4,0.6,0.688,0.7,2.4,1.1,2.2,3.3,0.1,0.1,0.3,2.2,0
Robert Braswell,SU,12,4.6,0.7,1,0.667,0.1,0.2,0.5,0.8,1,0.75,0.6,0.2,0.2,0.7,0.8,0.4,0.5,0.1,2.2,0
John Newman,CLEM,34,12,0.8,2.1,0.384,0.3,0.8,0.321,0.2,0.3,0.545,0.6,0.9,0.4,1.3,1.8,0.4,0.4,0.1,2.1,0
Shembari Phillips,GT,20,11.1,0.8,2.3,0.326,0.2,1.1,0.182,0.3,0.5,0.778,0.8,1.2,0,1.1,1.1,0.8,0.3,0.1,2,0
Javan White,CLEM,33,8.4,0.8,1.5,0.56,0,0,0,0.3,0.7,0.458,0.4,1.6,0.7,1.3,2,0.2,0.2,0.4,2,0
Johncarlos Reyes,BC,29,6.2,0.9,1.4,0.619,0,0,0,0.1,0.3,0.4,0.3,1.1,0.4,0.6,1,0,0.1,0.1,1.9,0
Michael Wynn,WF,27,6.5,0.6,2.4,0.246,0.3,1.5,0.225,0.4,0.5,0.846,0.3,0.6,0.5,0.4,0.9,0.1,0.1,0.1,1.9,0
Bourama Sidibe,SU,29,10.1,0.7,1.4,0.463,0,0,0,0.6,1.5,0.395,0.3,2.3,1,1.7,2.7,0.2,0.5,0.5,1.9,0
Sylvester Ogbonda,GT,10,6.5,0.6,1.8,0.333,0,0,0,0.6,1,0.6,0.5,1.3,0.7,1,1.7,0.4,0.2,0.3,1.8,0
Kody Stattmann,UVA,18,4.1,0.5,1.2,0.429,0.2,0.8,0.267,0.4,0.5,0.889,0.3,0.4,0.1,0.5,0.6,0.1,0.1,0,1.7,0
Akoy Magut Agau,U of L,19,5.8,0.4,1.4,0.308,0,0,0,0.8,1.1,0.714,0.5,0.9,0.9,1.1,2,0.2,0.1,0.2,1.6,0
Hunter Tyson,CLEM,31,8.3,0.5,2,0.254,0.4,1.5,0.234,0.2,0.3,0.667,0.2,0.6,0.2,0.8,1,0.4,0.1,0.3,1.6,0
Jonathan Kabongo,VT,21,4.8,0.5,1.3,0.393,0.3,1,0.318,0.1,0.2,0.5,0.2,0.5,0,0.6,0.6,0.2,0.1,0,1.5,0
Wyatt Wilkes,FSU,15,3.8,0.5,1.4,0.381,0.3,1,0.267,0.1,0.2,0.667,0.3,0.6,0.3,0.5,0.7,0.1,0.2,0.1,1.5,0
Antonio Vrankovic,DUKE,17,5.2,0.4,0.8,0.5,0,0,0,0.5,0.9,0.562,0.2,0.9,0.8,0.5,1.3,0.4,0.1,0.3,1.4,0
"Vin Baker, Jr.",BC,12,6.7,0.4,1.6,0.263,0.2,1.1,0.154,0.3,0.3,1,0.3,0.6,0.2,0.8,1,0.3,0.3,0.1,1.3,0
Grant Kersey,UVA,10,1.7,0.3,0.3,1,0.2,0.2,1,0.5,0.5,1,0.2,0,0.1,0.1,0.2,0.1,0.2,0,1.3,0
Sunday Okeke,WF,22,6.5,0.3,1.1,0.25,0,0,0,0.7,1.2,0.577,0.4,2.1,1.1,1,2.1,0.2,0.2,0.1,1.2,0
Marco Anthony,UVA,22,5.4,0.4,1.2,0.296,0.1,0.3,0.286,0.4,0.5,0.667,0.4,0.5,0,0.5,0.5,0.5,0,0,1.2,0
Justin Robinson,DUKE,17,3.4,0.5,0.8,0.615,0.2,0.5,0.444,0,0.1,0,0.2,0.4,0.1,0.4,0.5,0.1,0.1,0.2,1.2,0
Samson George,PITT,6,3.7,0.5,1,0.5,0,0,0,0.2,0.7,0.25,0,1.2,0.8,0.5,1.3,0,0,0.2,1.2,0
Brandon Huffman,UNC,27,2.5,0.5,0.8,0.591,0,0,0,0.2,0.4,0.417,0,0.3,0.4,0.5,0.9,0.1,0.1,0.1,1.1,0
Andrew Platek,UNC,32,3.6,0.4,0.9,0.467,0.2,0.5,0.333,0.1,0.1,0.5,0.2,0.5,0.1,0.2,0.3,0.2,0.2,0.1,1.1,0
Luka Kraljevic,BC,22,6,0.5,1.2,0.385,0,0.1,0,0.2,0.3,0.571,0.6,1.5,0.5,0.7,1.2,0.4,0.2,0.2,1.1,0
Brennan Besser,DUKE,4,3,0.2,1.5,0.167,0,1,0,0.5,0.5,1,0.2,0.2,0.5,0.2,0.8,0.2,0,0,1,0
K.J. Smith,UNC,22,1.8,0.3,0.7,0.467,0.1,0.3,0.429,0.2,0.2,0.8,0.1,0.1,0,0.1,0.1,0.3,0,0,1,0
Willie Herenton,UM,15,2,0.3,0.7,0.364,0.3,0.5,0.5,0.1,0.1,1,0,0.1,0.1,0.1,0.1,0,0,0,0.9,0
Austin Katstra,UVA,11,2.6,0.4,0.9,0.4,0.2,0.7,0.25,0,0,0,0.1,0.4,0.1,0.5,0.5,0.3,0,0.1,0.9,0
Harrison Prieto,FSU,9,1.8,0.4,0.7,0.667,0,0,0,0,0,0,0.2,0.6,0.3,0.6,0.9,0,0,0,0.9,0
Jordan Goldwire,DUKE,35,8.6,0.3,1.3,0.273,0.1,0.7,0.12,0.1,0.2,0.5,0.3,0.9,0.2,0.6,0.8,0.7,0.6,0,0.9,0
Jacob Redding,U of L,7,1.7,0.3,0.6,0.5,0.3,0.6,0.5,0,0,0,0,0.1,0.1,0.3,0.4,0,0,0,0.9,0
Anthony Starzynski,PITT,7,2.1,0.3,0.7,0.4,0.3,0.7,0.4,0,0,0,0,0.1,0,0.3,0.3,0,0,0,0.9,0
Peace Ilegomah,PITT,7,4.6,0.3,0.3,1,0,0,0,0.3,0.7,0.4,0.4,1,0.1,0.9,1,0.1,0,0,0.9,0
Walker Miller,UNC,19,1.6,0.4,0.6,0.583,0,0,0,0.1,0.3,0.4,0.1,0.1,0.1,0.3,0.4,0.1,0.1,0.1,0.8,0
Chris Doherty,ND,11,3.8,0.4,0.5,0.667,0,0,0,0.1,0.4,0.25,0.2,0.8,0.4,0.5,0.9,0.1,0.1,0.1,0.8,0
Aaron Spivey,WF,12,2.1,0.2,0.8,0.333,0.1,0.4,0.2,0.2,0.2,1,0.1,0.1,0.1,0.2,0.3,0.2,0.1,0,0.8,0
Joey Baker,DUKE,4,4.5,0.2,1,0.25,0.2,0.5,0.5,0,0,0,0.5,1.2,0.5,0.5,1,0,0,0.2,0.8,0
Parker Fox,CLEM,5,1,0.2,0.4,0.5,0.2,0.4,0.5,0,0,0,0.2,0.2,0,0,0,0,0,0,0.6,0
Jayden Nixon,UVA,14,2.9,0.2,0.7,0.3,0,0.2,0,0.1,0.3,0.5,0.3,0.7,0.2,0.4,0.6,0.1,0.1,0.1,0.6,0
Caleb Ellis,UNC,19,1.5,0.2,0.3,0.667,0.1,0.1,1,0.1,0.2,0.333,0.1,0.1,0.1,0,0.1,0.1,0.2,0.1,0.5,0
Francesco Badocchi,UVA,11,2.5,0.2,0.4,0.5,0,0.1,0,0.1,0.2,0.5,0,0.2,0.3,0.3,0.5,0,0,0,0.5,0
Anthony Bilas,WF,11,1.6,0.2,0.4,0.5,0.1,0.2,0.5,0,0.2,0,0.2,0.4,0,0.1,0.1,0,0.3,0,0.5,0
Jo Griffin,U of L,9,2.4,0.2,0.4,0.5,0,0.1,0,0,0,0,0.1,0,0,0,0,0.1,0,0,0.4,0
Lyles Davis,CLEM,8,0.9,0.1,0.6,0.2,0.1,0.4,0.333,0,0,0,0,0.1,0,0.1,0.1,0.1,0.1,0,0.4,0
Jamie Lewis,WF,8,4.4,0.1,1.1,0.111,0,0.4,0,0.1,0.2,0.5,0.6,0.5,0.1,0.5,0.6,0.2,0,0,0.4,0
Trey Jemison,CLEM,19,3.8,0.1,0.3,0.333,0,0,0,0.2,0.3,0.6,0.2,0.9,0.3,0.6,0.8,0.1,0.1,0.3,0.4,0
Justin Lindner,FSU,6,1.7,0,0.2,0,0,0.2,0,0.3,0.7,0.5,0.3,0.2,0.2,0.2,0.3,0.7,0.2,0,0.3,0
Ky Feldman,SU,9,1.1,0.1,0.2,0.5,0.1,0.2,0.5,0,0,0,0,0,0,0.2,0.2,0,0,0,0.3,0
Avery Wilson,BC,6,5.2,0.2,0.8,0.2,0,0.3,0,0,0.3,0,0.3,0.5,0,0.5,0.5,0.5,0.5,0,0.3,0
Blake Buchanan,WF,10,1.4,0,0.4,0,0,0.2,0,0.2,0.2,1,0.1,0,0.4,0.2,0.6,0.1,0,0,0.2,0
Will Miles,FSU,6,1.2,0,0.5,0,0,0.2,0,0.2,0.3,0.5,0.3,0.5,0,0.2,0.2,0,0.2,0,0.2,0
Shea Rush,UNC,19,1.4,0,0.4,0,0,0.1,0,0.1,0.3,0.4,0.2,0.2,0.2,0.2,0.3,0.1,0.1,0,0.1,0
Onyebuchi Ezeakudo,PITT,2,2.5,0,0.5,0,0,0.5,0,0,0,0,0,0,0.5,0,0.5,1.5,0.5,0,0,0
Howard Washington,SU,3,3.3,0,0.3,0,0,0.3,0,0,0,0,0,0,0,1.3,1.3,0.3,0,0,0,0
Mike Buckmire,DUKE,4,3.2,0,0.5,0,0,0,0,0,0,0,0.2,0,0.5,0.5,1,0.2,0,0,0,0
Avi Schafer,GT,2,1.5,0,0,0,0,0,0,0,0,0,0,0.5,1,0,1,0,0,0,0,0
Antonio Balandi,SU,10,1,0,0,0,0,0,0,0,0,0,0.2,0,0,0.3,0.3,0,0,0.1,0,0
Ervins Meznieks,BC,5,2.2,0,0.2,0,0,0.2,0,0,0,0,0.2,0,0,0.2,0.2,0,0.4,0,0,0
Ray Featherston,SU,4,1,0,0.2,0,0,0.2,0,0,0,0,0,0,0,0,0,0.2,0,0,0,0
Matt DiLuccio,BC,2,0.5,0,0,0,0,0,0,0,0,0,0,0,0,0,0,0,0,0,0,0
Sam Holtze,BC,1,0,0,0,0,0,0,0,0,0,0,0,0,0,0,0,0,0,0,0,0
Mac Bohuny,BC,1,0,0,0,0,0,0,0,0,0,0,0,0,0,0,0,0,0,0,0,0
Brendan Paul,SU,9,0.9,0,0,0,0,0,0,0,0,0,0,0,0,0,0,0,0,0,0,0
Will Jackowitz,BC,1,0,0,0,0,0,0,0,0,0,0,0,0,0,0,0,0,0,0,0,0
Dominic Proctor,UM,1,1,0,0,0,0,0,0,0,0,0,0,0,0,0,0,0,0,0,0,0
Brendan Palmer,VT,4,0.5,0,0,0,0,0,0,0,0,0,0,0,0,0,0,0,0,0,0,0
Gordon Gehan,BC,1,3,0,0,0,0,0,0,0,1,0,0,0,0,0,0,0,0,0,0,0
Shaheed Medlock,GT,2,1,0,0,0,0,0,0,0,0,0,0,0.5,0,0,0,0,0,0,0,0
Wyatt Battaile,U of L,7,1.6,0,0.4,0,0,0.4,0,0,0,0,0.1,0,0,0.3,0.3,0.1,0,0,0,0
Evan Jester,GT,2,1.5,0,0,0,0,0,0,0,1,0,0.5,0,0,0.5,0.5,0,0,0,0,0
Joe Mascaro,PITT,3,2,0,0,0,0,0,0,0,0,0,0.7,0,0,0.3,0.3,0,0,0,0,0
Malachi Rice,GT,2,1,0,0.5,0,0,0,0,0,0,0,0,0.5,0,0,0,0,0,0,0,0
Travis Light,FSU,6,1.7,0,0.7,0,0,0.7,0,0,0,0,0,0,0,0,0,0,0.2,0,0,0
Liam Nelligan,ND,11,1.4,0,0.3,0,0,0.3,0,0,0,0,0.1,0,0,0.1,0.1,0,0,0,0,0
Adrian Autry,SU,10,1.2,0,0.5,0,0,0.4,0,0,0.1,0,0.2,0,0,0.1,0.1,0.1,0.1,0,0,0
Carsen Edwards,PU,36,35.4,7.7,19.5,0.394,3.8,10.6,0.355,5.1,6.1,0.837,3.1,2,0.4,3.2,3.6,2.9,1.3,0.3,24.3,1
Lamar Stevens,PSU,32,36.9,7.2,17,0.422,0.6,2.8,0.22,4.9,6.4,0.77,2.8,2.6,1.7,6,7.7,2.1,0.7,0.8,19.9,0
"James Palmer, Jr.",UNL,36,35.1,5.9,16.1,0.369,1.9,5.9,0.313,6,7.8,0.762,2.1,2.2,1.1,3.1,4.2,3,1.4,0.4,19.7,0
Cassius Winston,MSU,39,33.5,6.2,13.5,0.46,2.2,5.4,0.398,4.2,5,0.84,2.9,1.9,0.3,2.7,3,7.5,1,0.1,18.8,0
Ethan Happ,UW,34,32,7.6,14.3,0.53,0,0.1,0,2.2,4.7,0.466,3.1,2.6,2.3,7.8,10.1,4.5,1.1,1.3,17.3,0
Amir Coffey,U of M,36,35.2,5.5,12.6,0.436,1.1,3.8,0.304,4.5,6.1,0.74,2.3,1.5,0.7,2.9,3.6,3.2,0.9,0.2,16.6,0
Romeo Langford,IU,32,34.1,5.5,12.3,0.448,1.1,3.9,0.272,4.4,6.1,0.722,2.1,1.9,1.4,4,5.4,2.3,0.8,0.8,16.5,1
Anthony Cowan,UMD,34,34.6,4.9,12.6,0.393,2.1,6.1,0.337,3.7,4.6,0.806,2.8,2.3,0.4,3.3,3.7,4.4,0.9,0.2,15.6,0
Juwan Morgan,IU,35,29.8,6.1,11,0.558,0.7,2.5,0.295,2.5,3.9,0.647,1.9,2.9,2.5,5.7,8.2,1.9,1.2,1.5,15.5,0
Vic Law,NU,30,33.4,5,12.7,0.396,1.9,5.6,0.335,3.1,3.9,0.786,2.2,2.9,1,5.3,6.4,3,1,1,15,0
Josh Langford,MSU,13,28.6,5.4,12.2,0.443,2.2,5.5,0.403,2,2.4,0.839,2.4,2.4,0.7,2.9,3.6,2.3,0.8,0.1,15,0
Ignas Brazdeikis,UM,37,29.6,5.1,11,0.462,1.5,3.9,0.392,3.1,4.1,0.773,1.2,2.1,1.2,4.3,5.4,0.8,0.7,0.5,14.8,1
Kaleb Wesson,OSU,32,25.9,4.9,9.8,0.5,0.8,2.3,0.347,4.1,5.5,0.734,2.3,3.2,2.4,4.5,6.9,1.8,1,0.7,14.6,0
Tyler Cook,UI,33,30.8,5.3,10.3,0.51,0,0.2,0,3.9,6.1,0.644,2.8,2.3,2.2,5.5,7.6,2.4,0.7,0.5,14.5,0
Jordan Murphy,U of M,36,31.1,4.8,9.9,0.487,0.2,0.8,0.267,4.6,6.7,0.683,2.2,2.8,3.3,7.8,11,2.6,0.6,0.8,14.4,0
Isaac Copeland,UNL,20,30.7,5.2,10,0.525,1.2,3.5,0.352,2.2,3.2,0.692,1.6,2,1.5,3.9,5.3,1.1,1.1,0.9,14,0
Dererk Pardon,NU,32,33.1,5.4,9.5,0.571,0.2,0.9,0.214,3,4.3,0.683,1.4,2.7,3,4.8,7.8,1.8,0.8,0.9,14,0
Ayo Dosunmu,U of I,32,31.2,5.1,11.7,0.436,1.6,4.4,0.352,2.1,3,0.695,2.2,2,0.7,3.3,4,3.2,1.2,0.2,13.8,0
Eugene Omoruyi,RU,28,29.2,5,11.3,0.445,0.5,1.6,0.311,3.2,4.5,0.714,2.5,3,2.3,4.9,7.2,2.4,0.7,0.2,13.8,0
Trent Frazier,U of I,32,30.5,4.6,11.2,0.411,2.5,6.2,0.406,2,2.6,0.759,2,2.3,0.3,2,2.3,2.6,1.4,0,13.7,0
Glynn Watson,UNL,36,34.4,4.9,11.9,0.414,2.3,5.9,0.383,1.5,1.9,0.791,1.4,2.5,0.4,3.7,4.1,3.1,1.1,0.1,13.6,0
Bruno Fernando,UMD,34,30,5.1,8.4,0.607,0.1,0.3,0.3,3.3,4.3,0.779,2.8,2.7,2.9,7.7,10.6,2,0.6,1.9,13.6,1
Luka Garza,UI,32,23.7,4.9,9.2,0.531,0.7,2.2,0.292,2.7,3.3,0.804,1.3,2.3,1.8,2.7,4.5,0.9,0.3,0.5,13.1,0
Nick Ward,MSU,34,20.8,4.8,8.3,0.58,0.1,0.1,1,3.3,5,0.653,2,2.5,1.7,4.3,6.1,0.7,0.3,1.2,12.9,0
Jordan Poole,UM,37,33.1,4.4,10,0.436,2,5.5,0.369,2,2.4,0.833,1.5,2,0.2,2.8,3,2.2,1.1,0.2,12.8,1
Giorgi Bezhanishvili,U of I,33,26.1,5.1,9.5,0.542,0.2,0.9,0.167,2.2,3.3,0.657,2.4,3.8,2.3,2.9,5.2,0.8,0.7,0.8,12.5,0
Charles Matthews,UM,34,31.5,4.5,10.4,0.431,0.9,2.9,0.299,2.4,3.6,0.645,1.7,1.8,1.5,3.5,5,1.4,1.1,0.5,12.2,0
Geo Baker,RU,31,34,4.2,11.7,0.354,1.9,5.7,0.341,1.9,2.6,0.741,3,1.9,0.2,2.9,3.1,4.1,1.6,0.5,12.2,0
C.J. Jackson,OSU,34,30.7,4,9.9,0.407,1.8,4.9,0.369,2.1,2.8,0.768,2.2,1.9,0.5,3.5,4,3.5,1.2,0.2,12,0
Ryan Cline,PU,36,33.8,4.1,9.8,0.423,3.1,7.4,0.417,0.6,0.9,0.697,1.2,1.6,0.2,2.7,2.9,3.3,0.6,0.1,12,0
Isaiah Roby,UNL,35,31.3,4.2,9.3,0.454,0.8,2.4,0.333,2.6,3.8,0.677,2,3.2,1.9,5,6.9,1.9,1.3,1.9,11.8,1
Jalen Smith,UMD,33,26.7,4.4,8.9,0.492,0.6,2.2,0.268,2.3,3.5,0.658,1.2,2,2.7,4.1,6.8,0.9,0.4,1.2,11.7,0
Jordan Bohannon,UI,35,31,3.2,8.4,0.381,2.3,5.9,0.383,2.9,3.3,0.872,1.7,1.7,0.3,2.1,2.4,3.4,0.7,0,11.6,0
Rasir Bolton,PSU,32,26.9,3.5,9.2,0.383,1.6,4.5,0.361,2.9,3.3,0.876,2.6,1.9,0.6,1.4,2,1.5,0.6,0.1,11.6,0
D'Mitrik Trice,UW,34,32.5,3.9,10.2,0.384,2.2,5.7,0.39,1.5,2,0.75,1.3,1.9,0.2,2.6,2.8,2.6,0.9,0,11.6,0
Joe Wieskamp,UI,35,27.7,3.6,7.3,0.488,1.7,4,0.424,2.3,2.9,0.767,1.1,1.9,1.4,3.5,4.9,1.1,0.9,0.5,11.1,0
Daniel Oturu,U of M,35,23.8,4.3,7.9,0.551,0,0.1,0.5,2.1,3.3,0.615,1.5,2.7,2.5,4.5,7,0.5,0.5,1.3,10.8,0
Josh Reaves,PSU,32,33,3.9,9.2,0.426,1.5,4.1,0.356,1.2,1.9,0.656,2.5,3.1,1.6,3.4,5,2.9,2.5,1,10.6,0
Brad Davison,UW,34,32.3,3.4,8.8,0.385,1.5,4.4,0.349,2.2,2.8,0.809,1,2.3,0.3,3,3.3,1.8,1.1,0.1,10.5,0
Gabe Kalscheur,U of M,36,30.8,3.3,7.9,0.417,2.1,5.2,0.41,1.3,1.8,0.75,1,2.7,0.6,1.4,2,1.1,0.8,0.3,10,0
"Xavier Tillman, Sr.",MSU,39,24,3.7,6.1,0.605,0.2,0.7,0.296,2.4,3.3,0.732,1.5,2.8,2.5,4.8,7.3,1.6,0.9,1.7,10,0
Matt McQuaid,MSU,36,31.4,3.2,7.5,0.432,2,4.8,0.422,1.3,1.6,0.81,1,2.1,0.7,2.3,3,2.1,0.6,0.1,9.8,0
Ryan Taylor,NU,31,27,3.3,9.4,0.353,1.9,5.8,0.333,1.2,1.3,0.902,0.7,2.4,0.3,1.5,1.9,1.1,0.7,0.3,9.8,0
Jon Teske,UM,37,27.9,3.7,7.1,0.521,0.6,2.1,0.299,1.5,2.5,0.593,0.5,2.2,2,5,7,0.9,0.7,2,9.5,0
Devonte Green,IU,28,25.2,3.1,7.8,0.402,1.7,4.2,0.41,1.4,1.9,0.736,2.2,1.4,0.2,3.2,3.4,3,1.4,0.5,9.4,0
Matt Haarms,PU,36,22.8,3.7,5.8,0.632,0.2,0.7,0.28,1.8,2.6,0.695,1.2,2.5,1.8,3.6,5.4,1.1,0.2,2.1,9.4,0
Isaiah Moss,UI,35,24.2,3.1,7.9,0.399,1.4,3.3,0.421,1.5,1.9,0.791,1.4,1.6,0.6,2.2,2.9,1.8,0.9,0.2,9.2,0
Dupree McBrayer,U of M,35,31.9,2.9,8.2,0.351,1.2,4.3,0.28,1.9,2.8,0.694,1.2,1.8,0.3,1.9,2.2,3,1,0.1,8.9,0
Zavier Simpson,UM,37,33.9,3.5,8,0.434,0.9,2.8,0.308,1,1.5,0.667,2,1.9,0.5,4.5,5,6.6,1.4,0.1,8.8,0
Thomas Allen,UNL,29,30.2,3.3,7.6,0.436,1.2,3.4,0.364,0.9,1,0.862,1,1,0.3,2.4,2.8,2,1.3,0.2,8.7,0
A.J. Turner,NU,32,29.9,2.9,7.5,0.389,1.2,3.7,0.328,1.7,2.1,0.779,1.9,2,0.2,2.2,2.3,2.8,0.6,0.3,8.7,0
Eric Ayala,UMD,34,29,2.8,6.6,0.43,1.5,3.8,0.406,1.4,1.8,0.774,1.6,1.4,0.3,2.6,2.9,2.1,0.3,0.3,8.6,0
Andre Wesson,OSU,35,29.9,2.9,6.8,0.43,1.1,3.1,0.336,1.7,2.3,0.747,1.8,2.9,1.3,2.8,4.1,1.8,0.6,0.4,8.6,0
Montez Mathis,RU,31,22.9,3.1,8.2,0.376,0.5,2.2,0.239,1.8,3.2,0.556,1.3,1.8,0.7,2.2,2.9,1.1,0.7,0.2,8.5,0
Darryl Morsell,UMD,33,26.8,3.4,7.3,0.459,0.5,1.9,0.29,1.2,1.8,0.672,1.6,2,1.1,2.1,3.1,1.8,0.7,0.5,8.5,0
Andres Feliz,U of I,33,22.4,2.9,6.5,0.451,0.3,1.1,0.27,2.2,2.8,0.755,1.5,2.5,0.6,2.3,2.9,2.2,1,0,8.3,0
Aaron Wiggins,UMD,34,23.5,2.9,7.4,0.385,1.8,4.4,0.413,0.8,0.9,0.867,0.8,1.7,1,2.3,3.3,0.8,0.8,0.2,8.3,0
A.J. Durham,IU,34,28.6,2.8,6.9,0.403,1.2,3.4,0.348,1.6,2.1,0.74,1.2,2.1,0.2,1.7,1.9,1.6,0.5,0.3,8.3,0
Myles Dread,PSU,32,28.9,2.8,7.4,0.378,2.1,5.9,0.356,0.5,0.9,0.586,0.8,2.1,0.6,2.2,2.8,1.2,0.6,0.2,8.2,0
Justin Smith,IU,35,24.8,3.5,7,0.496,0.2,0.9,0.219,1,2,0.514,1.9,2.4,1.7,2.7,4.5,0.8,0.6,0.4,8.2,0
Keyshawn Woods,OSU,35,27.4,3.1,7.3,0.42,0.8,2.6,0.3,1.1,1.4,0.816,1.3,2.3,0.4,2.7,3.1,2.5,0.7,0.1,8.1,0
Aaron Jordan,U of I,33,26.9,2.5,6.7,0.367,1.8,4.3,0.415,1.3,1.7,0.782,0.7,2.5,1.3,3.3,4.6,1.5,0.9,0.4,8,0
Isaiah Livers,UM,35,22.6,2.8,5.7,0.487,1.5,3.5,0.426,0.9,1.2,0.78,0.7,1.7,0.7,3.2,3.9,0.7,0.7,0.5,7.9,0
Kenny Goins,MSU,39,30.3,2.8,6.9,0.405,1.4,4.2,0.344,0.9,1.2,0.729,1.5,2.1,2.2,6.8,8.9,2.3,0.7,1.3,7.9,0
Nate Reuvers,UW,34,22.9,3.1,6.9,0.449,0.9,2.5,0.381,0.8,1.2,0.634,0.9,2.4,1.2,2.7,3.9,1,0.3,1.8,7.9,0
Ron Harper,RU,31,22.3,2.8,6.9,0.413,1,3.5,0.278,1.2,1.7,0.679,0.9,2.4,0.5,2.6,3.1,1.1,0.6,0.5,7.8,0
Mike Watkins,PSU,27,20.8,3.3,5.8,0.561,0,0,0,1.3,2.8,0.447,1.2,2.3,2.2,5.2,7.4,0.5,0.6,1.5,7.8,0
Luther Muhammad,OSU,34,26.6,2.4,6.5,0.374,1.1,2.8,0.375,1.6,2.2,0.757,1.4,2,0.5,2.2,2.7,1.7,0.9,0.1,7.6,0
Nojel Eastern,PU,36,28.2,2.8,5.7,0.495,0,0.1,0,1.8,2.8,0.65,1.4,2.4,1.9,3.7,5.5,2.5,1.1,0.3,7.5,0
"Duane Washington, Jr.",OSU,35,17.3,2.6,7,0.37,1.2,3.8,0.306,0.6,1,0.647,1.1,1.3,0.3,2.2,2.5,1.1,0.3,0,7,0
Anthony Gaines,NU,32,27.4,2,5.6,0.356,0.4,1.6,0.26,2.5,3.2,0.769,1.2,2.4,1,3.6,4.7,2.2,0.8,0.6,6.9,0
Khalil Iverson,UW,33,24.5,2.7,5,0.543,0,0.2,0.167,1.5,2.3,0.623,1.1,1.8,1.5,3.1,4.5,0.9,0.9,0.4,6.9,0
Rob Phinisee,IU,32,27.3,2.4,6.8,0.361,0.8,2.7,0.31,1.1,1.7,0.66,1.3,2.1,0.4,2.9,3.2,2.9,1.1,0.1,6.8,0
Nicholas Baer,UI,35,19.2,2.2,5.1,0.435,1.3,3.4,0.381,1.1,1.7,0.638,0.7,1.8,1.2,3.5,4.6,1.3,1,1,6.7,0
Aaron Henry,MSU,39,22.1,2.4,4.8,0.495,0.4,1,0.385,0.9,1.3,0.692,1.3,1.8,1,2.8,3.8,1.6,0.6,0.5,6.1,0
Kyle Young,OSU,31,20.5,2.5,3.7,0.672,0,0.2,0.167,0.9,1.5,0.583,0.7,2.1,1.5,2.8,4.4,0.9,0.5,0.5,6,0
Peter Kiss,RU,30,18.1,2.2,5.7,0.384,1,3.2,0.302,0.6,1,0.581,0.9,1.3,0.6,1.6,2.2,0.9,0.4,0.1,6,0
Kipper Nichols,U of I,33,18.2,2.3,5.4,0.427,0.4,1.9,0.219,0.7,1.2,0.579,0.8,2.5,0.8,2,2.8,1.1,0.6,0.3,5.7,0
Ryan Kriener,UI,35,13.8,2.2,4,0.539,0.3,0.8,0.333,1.1,1.5,0.685,1,1.7,0.9,2.1,3,0.7,0.4,0.3,5.7,0
Caleb McConnell,RU,31,15.5,1.7,4.2,0.415,0.6,1.8,0.357,1.4,1.7,0.792,1.2,1.3,0.5,2,2.5,1,0.8,0.1,5.5,0
Grady Eifert,PU,36,25.5,1.8,3.5,0.528,1,2.2,0.438,0.8,1.2,0.698,0.5,2.1,2,3.2,5.2,1.6,0.9,0.1,5.5,0
De'Ron Davis,IU,30,13.7,2,3.3,0.6,0,0,0,1.4,2.4,0.577,1,2.1,0.8,1.7,2.5,0.9,0.4,0.6,5.4,0
Evan Boudreaux,PU,25,11.9,1.8,4,0.455,0.4,1,0.346,1.2,1.7,0.738,0.6,1.4,1.5,1.5,3,0.6,0.2,0.1,5.2,0
Trevion Williams,PU,34,10.2,2.3,4.2,0.542,0,0.1,0.333,0.6,1.1,0.514,0.6,1.9,1.8,2.2,4,0.5,0.4,0.4,5.2,0
Miller Kopp,NU,32,16.4,1.9,5.1,0.37,0.7,2.2,0.319,0.4,0.6,0.7,1.1,1.6,0.5,1.7,2.2,1.1,0.4,0.4,4.9,0
Myles Johnson,RU,31,17.6,2.1,3.8,0.555,0,0,0,0.5,1.4,0.405,1.1,2.7,2.5,3.2,5.7,1.1,0.7,0.7,4.8,0
Brevin Pritzl,UW,34,19.7,1.5,3.2,0.463,0.9,2.3,0.41,0.9,1.1,0.833,0.3,1.1,0.4,2,2.4,0.5,0.3,0.1,4.8,0
Aaron Wheeler,PU,36,13.8,1.7,3.8,0.444,0.9,2.4,0.365,0.5,0.9,0.613,0.7,1.8,0.9,2.1,3,0.4,0.6,0.5,4.7,0
Kyle Ahrens,MSU,30,18.8,1.8,4,0.442,0.7,2.3,0.294,0.5,0.6,0.833,0.7,1.2,0.6,1.9,2.5,1,0.6,0.1,4.7,0
Shaq Carter,RU,28,14,1.8,3,0.576,0,0,1,1,1.4,0.711,0.9,1.4,1.5,2.1,3.6,0.4,0.1,0.2,4.5,0
Connor McCaffery,UI,34,18.6,1,2.9,0.361,0.2,0.9,0.207,2.1,2.9,0.753,1.3,1.8,0.4,1.1,1.4,3,0.7,0.1,4.4,0
Isaiah Washington,U of M,28,16.1,1.6,5.3,0.311,0.4,1.7,0.213,0.7,1,0.704,1.2,1.2,0.3,1.3,1.6,2.8,0.5,0.1,4.3,0
Nana Akenten,UNL,28,12.9,1.6,4.3,0.364,0.9,2.8,0.304,0.3,0.6,0.471,0.4,1.5,0.8,1.8,2.5,0.2,0.4,0.1,4.3,0
Kobe King,UW,34,19,1.6,3.6,0.447,0.4,1.4,0.306,0.6,0.9,0.655,0.5,0.8,0.6,1.6,2.1,0.5,0.3,0.1,4.2,0
Eric Curry,U of M,15,18.6,1.5,3.8,0.404,0.1,0.7,0.1,0.9,1.5,0.609,1.1,2,0.8,2.3,3.1,1.7,0.6,0.4,4.1,0
Myreon Jones,PSU,30,10.8,1.3,4.4,0.298,0.6,2.2,0.277,0.8,1,0.774,0.5,0.5,0.1,0.9,1,0.5,0.5,0,4,0
Cordell Pemsl,UI,2,15,1,1.5,0.667,0,0,0,2,2,1,2.5,2.5,1.5,2.5,4,1,0,0.5,4,0
Aaron Falzon,NU,17,15.5,1.2,3.9,0.313,1.1,3.5,0.317,0.3,0.4,0.833,0.6,1.4,0.3,1.3,1.6,0.6,0.4,0.3,3.9,0
Issa Thiam,RU,25,17,1.2,3.9,0.316,0.8,2.5,0.333,0.5,0.7,0.667,0.7,1.1,0.6,1.7,2.3,0.6,0.6,0.3,3.8,0
Shaquille Doorson,RU,31,17.8,1.6,2.6,0.625,0,0,0,0.5,1.4,0.349,0.7,1.9,2,2.3,4.3,0.3,0.3,1,3.7,0
Jamari Wheeler,PSU,32,23.3,1.4,3.4,0.413,0.2,1,0.182,0.6,1.1,0.514,1.3,2.8,1.2,2.1,3.3,2.8,1.5,0.1,3.6,0
Tevian Jones,U of I,24,9,1.3,3.2,0.408,0.5,1.8,0.295,0.4,0.5,0.909,0.2,1.2,0.7,0.7,1.4,0.2,0.5,0,3.5,0
Evan Fitzner,IU,31,11.5,1.3,3.2,0.414,0.5,1.8,0.309,0.3,0.5,0.667,0.4,1.1,0.5,1.5,2,0.4,0.3,0.1,3.5,0
Serrel Smith,UMD,34,12,1.1,3.1,0.355,0.6,1.8,0.328,0.6,0.7,0.84,0.5,1,0.2,1.1,1.3,0.5,0.2,0,3.4,0
John Harrar,PSU,32,16,1.2,2.2,0.551,0,0,0,1,1.8,0.589,0.5,2.5,1.8,1.8,3.6,0.5,0.6,0.2,3.4,0
Da'Monte Williams,U of I,33,21.6,1,2.8,0.344,0.4,1.2,0.317,1.1,1.5,0.7,0.7,2,0.8,2.7,3.5,1.2,0.8,0.2,3.4,0
Tanner Borchardt,UNL,36,19.9,1.3,2.2,0.608,0,0,0,0.6,1.1,0.575,0.4,2.6,2.5,2.2,4.6,0.4,0.5,0.3,3.3,0
Justin Ahrens,OSU,25,9.6,1,2.4,0.41,0.8,2,0.388,0.4,0.4,0.909,0.6,0.9,0.2,1.6,1.8,0.3,0.2,0.2,3.2,0
Aleem Ford,UW,31,13.8,1.1,3.3,0.34,0.7,2.6,0.287,0.1,0.1,1,0.5,1.4,0.4,1.5,1.9,0.4,0.3,0.1,3.1,0
Alan Griffin,U of I,27,8.1,1.1,2.7,0.397,0.5,1.6,0.326,0.4,0.7,0.611,1,0.7,0.7,0.7,1.4,0.3,0.3,0.2,3.1,0
Matz Stockman,U of M,27,10.8,1.2,2.3,0.532,0,0,0,0.5,1,0.538,0.4,1.4,0.5,1.6,2.1,0.5,0.1,0.9,3,0
Jaedon LeDee,OSU,26,6.5,0.7,1.8,0.383,0,0.1,0,1.6,2.1,0.745,0.5,1,0.7,1,1.7,0.2,0.1,0.2,3,0
Musa Jallow,OSU,35,15,1,2.4,0.424,0.3,1,0.333,0.5,0.7,0.692,0.8,1.2,0.9,2,2.9,0.7,0.5,0.3,2.9,0
Pete Nance,NU,23,12.9,1.1,3.3,0.347,0.4,1.7,0.263,0.2,0.5,0.417,0.7,1.2,0.4,1.3,1.8,0.8,0.3,0.3,2.9,0
Sasha Stefanovic,PU,36,11.6,0.8,2.1,0.39,0.7,1.7,0.41,0.1,0.4,0.357,0.7,1.2,0.1,1,1.1,0.4,0.6,0.1,2.5,0
Maishe Dailey,UI,35,12.4,0.9,2.5,0.352,0.3,1.4,0.208,0.4,0.6,0.75,0.6,0.8,0.2,1.3,1.5,0.9,0.3,0,2.5,0
Eli Brooks,UM,37,12.8,1,2.6,0.378,0.4,1.3,0.292,0.1,0.1,0.75,0.5,0.6,0.1,1.2,1.2,1.1,0.3,0.1,2.5,0
Adonis De La Rosa,U of I,26,8.8,0.7,2.1,0.352,0,0,0,0.8,1.2,0.71,0.8,1.9,0.8,1,1.7,0.3,0.2,0,2.3,0
Gabe Brown,MSU,32,8,0.7,1.8,0.39,0.5,1.3,0.372,0.3,0.4,0.769,0.1,0.4,0.3,0.9,1.2,0.1,0.1,0.1,2.2,0
"Eric Hunter, Jr.",PU,36,12.6,0.8,2.5,0.303,0.3,1.3,0.217,0.4,0.6,0.714,0.6,1,0.4,0.9,1.4,1.1,0.4,0.1,2.2,0
Barret Benson,NU,32,9.5,0.8,1.9,0.403,0.1,0.2,0.286,0.6,1,0.562,0.4,1.6,0.8,2.2,3,0.3,0.2,0.3,2.2,0
Johnny Trueblood,UNL,17,11.8,0.9,2,0.441,0.1,0.5,0.25,0.3,0.8,0.385,0.5,0.8,0.7,1.6,2.4,1.2,0.6,0,2.2,0
Amir Harris,UNL,23,11.7,1,1.7,0.575,0,0,0,0.2,0.6,0.286,0.6,1,0.3,2.1,2.5,0.7,0.4,0.4,2.2,0
Jake Forrester,IU,13,4.2,0.9,1.7,0.545,0,0,0,0.2,0.7,0.333,0.4,1.2,0.5,0.8,1.3,0,0.1,0.3,2.1,0
Thorir Thorbjarnarsson,UNL,25,12.2,0.8,2.2,0.339,0.2,0.9,0.174,0.3,0.5,0.667,0.5,1,0.4,1.7,2.1,1.2,0.6,0.2,2,0
Brady Heiman,UNL,30,8.6,0.8,1.4,0.595,0,0,0,0.2,0.6,0.294,0.2,1.1,0.8,1,1.7,0.1,0.1,0.5,1.8,0
Tai Strickland,UW,16,3.1,0.6,1.4,0.391,0.2,0.5,0.5,0.4,0.5,0.75,0.3,0.3,0.1,0.2,0.3,0.4,0.1,0,1.8,0
Trent Buttrick,PSU,26,7.4,0.5,1.5,0.359,0.3,1.1,0.286,0.3,0.4,0.8,0.2,1.1,0.4,0.8,1.2,0.2,0.2,0.3,1.7,0
Michael Hurt,U of M,28,7.8,0.6,1.3,0.459,0,0.5,0.077,0.4,0.6,0.706,0.3,0.8,0.5,0.7,1.2,0.2,0.1,0.1,1.7,0
Austin Ash,UI,9,4.3,0.6,2,0.278,0.6,1.8,0.312,0,0.1,0,0,0.1,0,0.6,0.6,0.4,0.3,0,1.7,0
Charlie Thomas,UW,28,5.2,0.6,1.5,0.439,0.1,0.4,0.3,0.2,0.4,0.636,0.3,0.8,0.6,0.6,1.3,0.2,0.1,0.4,1.6,0
Trevor Anderson,UW,8,7,0.8,1.2,0.6,0.1,0.1,1,0,0,0,0.1,0.4,0.1,1,1.1,0.4,0,0,1.6,0
Ricky Lindo,UMD,34,12.2,0.6,1.5,0.385,0.1,0.4,0.167,0.4,0.7,0.52,0.5,1.7,0.9,2.6,3.5,0.4,0.4,0.4,1.6,0
Nicholas Hobbs,UI,5,2.8,0.6,1,0.6,0.4,0.6,0.667,0,0,0,0.2,0,0,0.4,0.4,0.6,0,0,1.6,0
Samba Kane,U of I,17,5.1,0.8,1.3,0.591,0,0,0,0.1,0.4,0.143,0.5,0.6,0.2,0.3,0.5,0.1,0.1,0.6,1.6,0
Thomas Kithier,MSU,31,5.9,0.7,0.9,0.793,0,0,0,0.1,0.2,0.5,0.2,0.8,0.5,0.8,1.3,0.2,0.1,0.1,1.6,0
Foster Loyer,MSU,36,5.8,0.5,1.2,0.409,0.2,0.8,0.296,0.3,0.4,0.923,0.6,0.7,0,0.4,0.4,0.9,0.1,0,1.6,0
Ryan Greer,NU,28,8.9,0.6,2,0.309,0.1,0.6,0.235,0.1,0.3,0.5,0.9,1.1,0.1,0.8,1,0.9,0.3,0,1.5,0
"Damezi Anderson, Jr.",IU,21,9.6,0.6,2,0.279,0.3,1.4,0.233,0,0,0,0.5,0.8,0.1,1,1.1,0.4,0.1,0,1.5,0
Riley Till,UI,16,4.6,0.4,0.8,0.5,0,0.2,0,0.6,0.9,0.667,0.2,0.8,0.3,0.2,0.6,0.3,0.3,0.1,1.4,0
Brock Stull,U of M,32,10.2,0.5,1.2,0.375,0.3,0.7,0.435,0.1,0.1,1,0.6,0.5,0.2,1,1.2,0.6,0.2,0.1,1.3,0
Kyle McCloskey,PSU,11,7.5,0.5,1.1,0.417,0.2,0.5,0.333,0.2,0.5,0.333,0.2,0.4,0.6,0.4,1,0.3,0.1,0.2,1.3,0
Clifton Moore,IU,15,3.9,0.5,0.7,0.636,0,0,0,0.3,0.8,0.417,0.3,0.6,0.5,1.2,1.7,0.3,0.2,0.2,1.3,0
Colin Castleton,UM,19,3.5,0.5,1.2,0.409,0,0.2,0,0.2,0.5,0.333,0.3,0.7,0.4,0.7,1.1,0.1,0.1,0.2,1.1,0
"Marcus Bingham, Jr.",MSU,23,3.6,0.3,0.9,0.286,0.3,0.6,0.429,0.2,0.4,0.556,0.2,0.5,0.2,1,1.1,0.3,0,0.4,1,0
Austin Davis,UM,25,3.8,0.5,0.8,0.632,0,0,0,0,0.1,0.333,0.2,0.7,0.3,0.5,0.8,0.1,0,0,1,0
Deivis Zemgulis,PSU,8,3.2,0.4,0.8,0.5,0.2,0.6,0.4,0,0,0,0.2,0.4,0,0.6,0.6,0.2,0.1,0,1,0
Vijay Blackmon,IU,7,2.1,0.4,0.7,0.6,0.1,0.3,0.5,0,0,0,0.1,0.3,0,0.1,0.1,0.1,0,0,1,0
Justin Costello,UNL,10,2.8,0.2,0.7,0.286,0.2,0.7,0.286,0.3,0.5,0.6,0.2,0.1,0,0.2,0.2,0.4,0.1,0,0.9,0
Jarvis Omersa,U of M,26,8,0.4,1.3,0.294,0,0.1,0,0.1,0.6,0.2,0.5,1.1,0.7,0.7,1.3,0.2,0.2,0.2,0.9,0
Travis Valmon,UMD,5,1.8,0.2,0.4,0.5,0.2,0.4,0.5,0.2,0.4,0.5,0.4,0.2,0,0.2,0.2,0.2,0,0.2,0.8,0
Brandon Johns,UM,28,4.1,0.3,0.6,0.5,0,0.1,0.333,0.1,0.1,0.75,0.2,0.5,0.3,0.7,1,0,0.1,0.1,0.8,0
Zach McRoberts,IU,26,13.7,0.3,1,0.308,0.2,0.7,0.211,0,0,0,0.3,1,0.3,1.8,2.1,0.5,0.5,0,0.8,0
Tommy Luce,PU,8,2.4,0.1,0.5,0.25,0.1,0.1,1,0.4,0.5,0.75,0.1,0.1,0,0,0,0.1,0,0,0.8,0
Joey Lane,OSU,15,2.5,0.3,0.5,0.5,0.2,0.4,0.5,0,0,0,0.2,0.2,0,0.4,0.4,0.4,0.1,0,0.7,0
Jack Hoiberg,MSU,14,1.1,0.1,0.4,0.333,0.1,0.2,0.667,0.3,0.3,1,0.4,0,0.1,0.1,0.1,0.2,0.1,0,0.7,0
Jordan Ash,NU,10,7.6,0.2,1.1,0.182,0.1,0.6,0.167,0.2,0.4,0.5,0.5,0.7,0,0.7,0.7,1,0.6,0,0.7,0
C.J. Baird,UM,13,1.8,0.2,0.8,0.3,0.2,0.6,0.375,0,0,0,0.1,0,0.1,0.1,0.2,0,0,0,0.7,0
Race Thompson,IU,9,7,0.2,0.6,0.4,0,0.3,0,0.2,0.4,0.5,0,0.4,0.6,1.6,2.1,0.1,0.3,0.3,0.7,0
Michael Baer,UI,9,2.2,0.2,0.4,0.5,0.1,0.1,1,0.1,0.4,0.25,0.1,0.1,0.1,0.3,0.4,0,0,0,0.7,0
David DeJulius,UM,25,3.8,0.2,1.2,0.2,0,0.6,0.067,0,0.2,0.167,0.2,0.4,0,0.4,0.5,0.2,0.2,0,0.6,0
Connor George,MSU,18,1.6,0.2,0.4,0.5,0,0,0,0.1,0.2,0.667,0,0.4,0.1,0.4,0.5,0.1,0.1,0,0.6,0
Braden Burke,MSU,9,1.4,0.2,0.6,0.4,0,0,0,0.1,0.2,0.5,0,0.2,0.2,0.1,0.3,0,0,0,0.6,0
Walt McGrory,UW,13,2.4,0.2,0.4,0.4,0.2,0.3,0.5,0,0,0,0.2,0.2,0,0.2,0.2,0.1,0,0,0.5,0
Brock Washington,MSU,7,1,0.1,0.7,0.2,0,0.3,0,0.1,0.1,1,0,0,0,0.3,0.3,0,0,0,0.4,0
Joshua Tomaic,UMD,20,3.7,0.2,0.5,0.444,0,0.1,0,0,0.1,0,0.2,0.5,0.2,0.6,0.8,0,0,0.1,0.4,0
Mamadou Doucoure,RU,6,5.3,0.2,1.3,0.125,0,0,0,0,0,0,0.2,0.8,0.5,1.2,1.7,0,0,0.5,0.3,0
Reese Mona,UMD,10,2.9,0.1,0.1,1,0,0,0,0.1,0.3,0.333,0.2,0.2,0.1,0.2,0.3,0.4,0,0,0.3,0
Ivan Bender,UMD,24,4.1,0.1,0.4,0.3,0,0,0,0,0.1,0.5,0.6,0.5,0.2,0.6,0.8,0.2,0,0,0.3,0
Zach Griffith,U of I,7,5,0.1,1.1,0.125,0,0.4,0,0,0,0,0.1,0.3,0.4,1.3,1.7,0.6,0,0.1,0.3,0
Johnny Jager,IU,7,2.3,0,0.3,0,0,0.3,0,0.3,0.6,0.5,0.1,0.3,0,0.3,0.3,0.1,0.3,0,0.3,0
Andrew Terrell,UMD,7,1.6,0.1,0.3,0.5,0,0.1,0,0,0,0,0,0.1,0,0,0,0,0,0,0.3,0
Drew Cayce,U of I,7,2.4,0.1,0.4,0.333,0,0.3,0,0,0,0,0.4,0.1,0,0.4,0.4,0.1,0,0,0.3,0
Samson Oladimeji,U of I,9,2.8,0.1,0.4,0.25,0,0,0,0,0.1,0,0.1,0.3,0.2,0.2,0.4,0.1,0,0,0.2,0
Michael Ballard,UW,9,1.9,0,0.4,0,0,0.3,0,0.2,0.2,1,0,0.2,0.2,0.1,0.3,0,0,0,0.2,0
Daniel Hummer,OSU,9,2.4,0.1,0.3,0.333,0,0.1,0,0,0.2,0,0.4,0.4,0,0.1,0.1,0.1,0.2,0,0.2,0
Trace Ramsey,UMD,5,2,0,0.2,0,0,0,0,0.2,0.4,0.5,0.2,0.8,0,0.2,0.2,0,0,0,0.2,0
Tyler Underwood,U of I,16,4.3,0.1,0.5,0.125,0.1,0.4,0.167,0,0,0,0.2,0.4,0,0.6,0.6,0.3,0.2,0,0.2,0
Adrien Nunez,UM,20,2,0.1,0.7,0.077,0.1,0.7,0.077,0,0,0,0.1,0.2,0.1,0.2,0.2,0,0,0,0.1,0
Joey Downes,RU,7,1.3,0,0.1,0,0,0,0,0,0,0,0,0,0.1,0.3,0.4,0,0,0,0,0
Kyle King,PU,8,2,0,0.2,0,0,0,0,0,0,0,0.1,0.1,0,0.5,0.5,0.1,0,0,0,0
Grant Hazle,PSU,1,1,0,0,0,0,0,0,0,0,0,0,0,0,1,1,0,0,0,0,0
Harrison Hookfin,OSU,1,1,0,0,0,0,0,0,0,0,0,0,0,0,1,1,0,0,0,0,0
Tino Malnati,NU,2,1,0,0,0,0,0,0,0,0,0,0,0.5,0,0,0,0,0.5,0,0,0
Daniil Kasatkin,PSU,3,2.7,0,0.3,0,0,0,0,0,0,0,0,0.7,0.3,0,0.3,0.3,0,0,0,0
Will Clark,UMD,3,1.3,0,0,0,0,0,0,0,0,0,0,0,0,0,0,0,0,0,0,0
Hunt Conroy,U of M,2,0.5,0,0,0,0,0,0,0,0,0,0,0,0,0,0,0,0,0,0,0
Taylor Nussbaum,PSU,1,1,0,0,0,0,0,0,0,0,0,0,1,0,0,0,0,0,0,0,0
Charlie Hall,NU,2,2,0,0,0,0,0,0,0,0,0,0,0.5,0,0,0,0,0,0,0,0
Quentin Taylor,IU,7,1.4,0,0.3,0,0,0.1,0,0,0,0,0.1,0.4,0,0.4,0.4,0,0.1,0,0,0
Brady Rudrud,U of M,5,1.4,0,0.6,0,0,0.4,0,0,0,0,0.2,0,0,0.6,0.6,0,0,0,0,0
Rico Ozuna-Harrison,UM,2,1.5,0,0.5,0,0,0.5,0,0,0,0,0.5,0.5,0,0,0,0,0,0,0,0
Luke Wilson,UM,10,1.6,0,0.3,0,0,0.2,0,0,0,0,0.2,0.1,0.1,0.1,0.2,0,0,0,0,0
Dedric Lawson,KU,36,32.6,6.9,14.1,0.49,1,2.5,0.393,4.6,5.7,0.815,2.3,2.6,3.1,7.2,10.3,1.7,1.2,1.1,19.4,0
Marial Shayok,ISU,34,32.9,6.7,13.6,0.496,2.1,5.4,0.386,3.2,3.6,0.878,2.7,2.1,1.4,3.5,4.9,2,0.9,0.2,18.7,1
Jarrett Culver,TTU,38,32.5,6.7,14.5,0.461,1.3,4.2,0.304,3.9,5.5,0.707,2.7,1.9,1.4,5,6.4,3.7,1.5,0.6,18.5,1
Desmond Bane,TCU,37,35.5,5.8,11.6,0.502,1.8,4.3,0.425,1.8,2,0.867,1.3,2.3,1.3,4.4,5.7,2.4,1.1,0.5,15.2,0
Makai Mason,BU,28,32.1,4.8,12,0.398,2.1,5.9,0.364,3.2,3.9,0.818,2.5,1.9,0.4,2.1,2.5,3.4,0.5,0,14.9,0
"Barry Brown, Jr.",KSU,34,35,5.4,12.5,0.434,1.2,4.1,0.298,2.6,3.6,0.71,1.9,2.1,0.4,3.7,4.1,2.8,1.9,0.1,14.6,0
Tristan Clark,BU,14,29.8,6,8.1,0.737,0.1,0.3,0.25,2.6,3.9,0.667,1.6,2.9,2.2,4.1,6.3,1.6,1.1,2.4,14.6,0
"Kerwin Roach, Jr.",UT,31,29.2,5,11.5,0.439,1.7,4.9,0.355,2.8,4,0.688,2.3,2.3,0.6,3.6,4.3,3.2,1.2,0.3,14.6,0
Christian James,OU,34,33.1,5.1,12.3,0.411,2,5.9,0.347,2.4,3.1,0.766,1.9,1.9,1.1,5.1,6.2,1.9,1.2,0.2,14.6,0
Lagerald Vick,KU,23,33,5.1,10.8,0.476,2.9,6.3,0.455,1,1.3,0.767,2.5,1.3,0.5,3.5,4,1.9,1.2,0.2,14.1,0
Kouat Noi,TCU,31,30.2,4.9,11.5,0.43,2.4,6.7,0.356,1.7,2.1,0.788,1.5,2,1.8,3.2,4.9,1.2,1.2,0.3,13.9,0
Sagaba Konate,WVU,8,24.1,4.6,10.6,0.435,1.1,2.9,0.391,3.2,4,0.812,2.1,3.2,1.9,6.1,8,1.4,0.8,2.8,13.6,0
Lindell Wigginton,ISU,25,26,3.9,9.4,0.415,1.8,4.7,0.39,3.8,5.3,0.72,2,2,0.7,3.3,4,2.1,0.8,0.4,13.5,0
Udoka Azubuike,KU,9,20.4,6.1,8.7,0.705,0,0,0,1.2,3.6,0.344,2,2.9,2.2,4.6,6.8,0.6,0.4,1.6,13.4,0
Dean Wade,KSU,25,30.4,4.9,9.9,0.492,0.9,2.2,0.418,2.2,2.8,0.789,1.4,2.1,2,4.1,6.1,2.8,0.8,0.5,12.9,0
Alex Robinson,TCU,37,34.8,4.6,10.6,0.429,1,3.3,0.311,2.4,3.6,0.652,3.5,2.3,0.4,3.5,3.9,6.9,1.4,0.3,12.5,0
Cameron McGriff,OSU,32,33.8,4.1,10.6,0.382,1.2,4.1,0.298,3,4,0.764,1.8,2.4,2.2,5.2,7.4,1.7,1.2,0.8,12.4,0
Devon Dotson,KU,36,32.4,4.1,8.5,0.482,0.9,2.5,0.363,3.2,4.1,0.782,2.2,2.5,0.6,3.1,3.7,3.5,1.4,0.1,12.3,0
Brady Manek,OU,34,27.8,4.5,9.5,0.469,1.7,4.7,0.358,1.6,2.1,0.764,1.4,1.3,1.4,4.4,5.9,0.8,0.7,0.7,12.2,0
James Bolden,WVU,18,21.4,3.9,9.5,0.409,1.7,4.8,0.349,2.8,3.4,0.82,2.2,2.6,1.2,1.4,2.6,2.5,1.1,0.2,12.2,0
Lindy Waters III,OSU,32,33.8,3.9,8.9,0.435,2.2,4.8,0.448,2.2,2.6,0.878,1.5,2.3,0.8,3.4,4.2,2.8,1.2,0.2,12.2,0
Jaylen Fisher,TCU,9,24.1,3.9,9.4,0.412,3.3,7.6,0.441,1,1.1,0.9,0.7,2.6,0.4,2,2.4,2.7,1,0.2,12.1,0
Esa Ahmad,WVU,23,28.1,4.3,9.2,0.462,0.5,2.2,0.24,3,4.6,0.651,2.8,2.6,2.4,3.4,5.8,1.8,0.9,0.7,12,0
Talen Horton-Tucker,ISU,35,27.2,4.4,10.9,0.406,1.4,4.5,0.308,1.6,2.5,0.625,1.7,2.3,0.7,4.2,4.9,2.3,1.3,0.7,11.8,1
Thomas Dziagwa,OSU,32,32.1,4,10,0.396,3.3,7.7,0.425,0.5,0.7,0.762,1.4,1.8,0.2,2.9,3.1,1.5,0.5,0,11.7,0
Davide Moretti,TTU,38,31.6,3.5,7.1,0.498,1.9,4.2,0.459,2.6,2.8,0.924,1.3,2.2,0.1,2,2.1,2.4,1.1,0,11.5,0
Derek Culver,WVU,26,27,4,8.7,0.456,0,0,0,3.6,6.1,0.585,2.5,2.6,3.5,6.4,9.9,1.7,0.5,0.7,11.5,0
Kristian Doolittle,OU,34,29.1,4.3,8.6,0.502,0,0.1,0,2.7,3.5,0.775,1.4,2.1,1.4,5.7,7.1,1.6,0.9,0.5,11.3,0
Matt Mooney,TTU,38,31,4.1,9.6,0.426,1.3,3.3,0.386,1.8,2.3,0.782,2.5,1.9,0.2,2.9,3.1,3.3,1.8,0.1,11.3,0
Michael Jacobson,ISU,35,25.1,4.5,7.7,0.576,0.5,1.3,0.34,1.8,2.7,0.667,1.1,1.9,2.2,3.8,5.9,0.8,0.9,0.5,11.1,0
Dylan Osetkowski,UT,36,28.8,3.8,8.7,0.439,0.9,3,0.312,2.6,3.4,0.75,1.2,1.8,2.4,4.8,7.2,1.2,1.4,0.4,11.1,0
Lamont West,WVU,36,24.9,3.4,8.9,0.379,1.8,5.4,0.33,2.6,3.3,0.78,1.4,2.2,1.4,2.7,4.1,0.8,0.6,0.3,11.1,0
Kamau Stokes,KSU,33,32.3,3.6,9.4,0.379,2,5.6,0.36,1.8,2.5,0.741,1.8,1.7,0.4,2.5,2.8,3.3,1.3,0.2,11,0
J.D. Miller,TCU,37,30.7,3.6,7.8,0.466,0.7,2.5,0.266,2.8,4.2,0.669,1.3,1.6,2.3,4.3,6.6,1.7,0.7,0.5,10.8,0
Xavier Sneed,KSU,33,30.7,3.6,9,0.396,1.6,4.7,0.346,1.8,2.7,0.67,1.2,2.3,1.3,4.2,5.5,1.9,1.4,0.3,10.6,0
Mario Kegler,BU,28,28.2,3.8,8.7,0.432,1,3.2,0.303,2,3.1,0.651,1.6,2.8,1.5,4.3,5.8,1.3,0.4,0.6,10.5,0
Jared Butler,BU,34,26.8,3.4,8.7,0.395,1.8,5,0.351,1.6,2,0.794,2,2.3,0.6,2.5,3.1,2.7,1,0.1,10.2,0
Jaxson Hayes,UT,32,23.3,3.8,5.3,0.728,0,0,0,2.3,3.1,0.74,0.9,3.3,1.8,3.2,5,0.3,0.6,2.2,10,1
Matt Coleman III,UT,37,30.7,3.4,8.6,0.388,1.2,3.6,0.326,2,2.5,0.785,1.7,2.6,0.5,1.7,2.1,3.4,0.8,0.1,9.8,0
Michael Weathers,OSU,16,20.5,3.3,7.5,0.442,0.2,1.1,0.222,2.3,3.7,0.627,2.9,2.2,0.7,2.1,2.8,2.1,1.1,0.4,9.2,0
Nick Weiler-Babb,ISU,35,34.4,3,7.5,0.402,1.2,3.4,0.356,1.8,2.3,0.768,1.6,1.6,0.8,4.2,5,4,1.3,0.3,9.1,0
King McClure,BU,29,27.9,3.3,8.1,0.403,1.6,4.4,0.357,0.8,1.2,0.686,1.9,2.3,1.2,4,5.3,2.1,1.1,0.3,9,0
Jase Febres,UT,37,27.1,3.1,7.8,0.393,2.4,6.5,0.372,0.3,0.5,0.611,0.7,1.6,0.5,2.4,3,0.4,0.5,0.2,8.9,0
Isaac Likekele,OSU,32,28.9,3.2,6.9,0.466,0.2,0.8,0.24,2.1,3.2,0.657,2.3,2.2,0.5,4.2,4.8,3.9,1.3,0.3,8.7,0
Tariq Owens,TTU,38,25.4,3.4,5.6,0.611,0.2,0.8,0.25,1.7,2.2,0.78,1,2.9,2.1,3.6,5.8,0.7,0.5,2.4,8.7,0
Ochai Agbaji,KU,22,25.8,3.2,7.1,0.449,1,3.4,0.307,1.1,1.6,0.694,1.4,2,1,3.6,4.6,0.9,0.5,0.5,8.5,0
Devonte Bandoo,BU,34,21.1,2.9,6.4,0.45,1.5,3.8,0.395,1.1,1.3,0.907,1.2,1.1,0.5,1.7,2.2,1.4,0.6,0.1,8.4,0
Quentin Grimes,KU,36,27.4,2.9,7.7,0.384,1.5,4.4,0.34,1,1.6,0.603,1.9,2.4,0.5,2,2.5,2,0.6,0.2,8.4,0
Curtis Jones,OSU,23,22,2.8,8.3,0.339,1.7,5.1,0.325,0.8,1.3,0.621,0.6,1,0.5,2.6,3,1,0.4,0,8.1,0
Courtney Ramey,UT,37,25.5,2.9,7.4,0.385,1.5,3.9,0.386,0.8,1.4,0.588,1.9,1.9,0.8,2.5,3.3,3.1,0.9,0.2,8.1,0
Mike Cunningham,OSU,7,18.3,3.1,7,0.449,1.7,3.9,0.444,0,0,0,1.3,1,0.1,1.4,1.6,1.1,0.7,0,8,0
Wesley Harris,WVU,22,25.2,2.4,6.3,0.384,0.9,2.8,0.323,2.1,3.1,0.691,1.5,2.7,1.5,3,4.5,0.8,0.7,0.4,7.9,0
Yor Anei,OSU,32,23.5,3.1,5,0.616,0,0,0,1.6,2.4,0.641,1.5,3.2,1.8,3,4.8,0.7,0.3,2.7,7.7,0
Kevin Samuel,TCU,37,24.5,3.3,4.9,0.665,0,0,0,0.9,2,0.438,1.4,2.8,2.8,4.2,7,0.6,0.6,2.1,7.4,0
Marcus Garrett,KU,30,27.9,2.7,6.4,0.422,0.4,1.6,0.245,1.5,2.5,0.587,1.3,1.9,1,3.2,4.2,1.9,1.4,0.3,7.3,0
Mark Vital,BU,34,27.7,2.6,5.6,0.464,0.1,0.6,0.182,1.9,3.6,0.529,1.8,2.9,3.5,3.6,7.2,2,1,0.9,7.2,0
Jermaine Haley,WVU,36,25.1,2.7,5.2,0.513,0.3,1.3,0.261,1.4,2.1,0.649,1.9,2.1,1.2,2.8,4.1,2.4,1,0.1,7.1,0
Makol Mawien,KSU,34,22.2,2.9,5.6,0.526,0.1,0.2,0.25,1,1.5,0.686,1.7,2.4,1.8,3,4.9,0.3,0.5,0.7,7,0
Rashard Odomes,OU,34,17.4,2.8,5.4,0.527,0.2,0.5,0.375,1.1,1.9,0.569,0.9,1.5,1.2,1.2,2.5,1.1,0.5,0.1,6.9,0
Tyrese Haliburton,ISU,35,33.2,2.5,4.8,0.515,1.4,3.2,0.434,0.5,0.7,0.692,0.8,1.3,0.7,2.7,3.4,3.6,1.5,0.9,6.8,0
Cartier Diarra,KSU,26,25.5,2.1,5.2,0.404,1,2.8,0.365,1.5,2.2,0.702,1.7,2,0.7,2.6,3.3,1.7,0.9,0.3,6.8,0
Miles Reynolds,OU,34,20.2,2,4.8,0.411,0.2,1.1,0.205,2.6,3.6,0.702,1.2,1.9,0.4,2,2.4,1.1,0.6,0,6.7,0
Aaron Calixte,OU,34,21.1,2.3,5.9,0.395,1,3,0.337,0.9,1.2,0.762,1.8,1.4,0.2,1.6,1.8,2.1,0.4,0,6.6,0
Brandone Francis,TTU,38,24.1,2.3,6.3,0.372,1.2,3.5,0.333,0.6,0.9,0.667,0.9,2.1,0.3,2.1,2.4,1.4,0.8,0.2,6.5,0
Kendric Davis,TCU,37,17.1,2.1,5.2,0.409,0.4,1.3,0.319,1.6,2.3,0.706,1.6,1.6,0.3,1.4,1.7,2,0.9,0,6.3,0
Jordan McCabe,WVU,35,18.5,1.9,5.9,0.322,1.3,3.7,0.338,0.7,1,0.743,1.4,1.4,0.4,1.2,1.6,2.5,0.9,0,5.8,0
Elijah Mitrou-Long,UT,36,17.9,2,5.8,0.338,0.9,2.9,0.32,0.8,1.2,0.614,0.8,0.9,0.1,2.1,2.2,1.6,0.8,0.1,5.6,0
Cameron Lard,ISU,24,12.5,2.5,3.5,0.694,0,0,0,0.7,1,0.667,0.7,3.2,1,1.8,2.8,0.5,0.1,1.2,5.6,0
Kyler Edwards,TTU,38,17.8,1.9,4.5,0.413,0.8,1.8,0.449,0.9,1.4,0.66,0.9,1.5,0.3,2,2.2,1.1,0.6,0.2,5.5,0
"Emmitt Matthews, Jr.",WVU,32,16.5,1.9,4.7,0.409,0.4,1.8,0.241,1.2,1.5,0.809,0.9,0.9,1.5,1.6,3.1,0.6,0.5,0.2,5.4,0
Chase Harler,WVU,36,22.3,2,5.1,0.39,1.1,3.2,0.328,0.4,0.5,0.737,0.7,1.6,0.2,0.9,1.2,1.2,0.3,0.3,5.4,0
Freddie Gillespie,BU,26,18.3,2.3,3.5,0.652,0,0,0,0.7,1.2,0.531,1,2.7,2.1,2.3,4.4,0.3,0.7,1.1,5.3,0
Brandon Knapper,WVU,32,13.8,1.6,4.5,0.352,0.8,2.5,0.316,1,1.3,0.767,1.6,1.7,0.1,1.6,1.7,1.4,0.5,0,5,0
Deshawn Corprew,TTU,37,13.5,2,3.6,0.56,0.5,1.4,0.4,0.4,0.6,0.667,0.8,1.5,1,2.4,3.3,0.4,0.4,0.3,5,0
Jamal Bieniemy,OU,34,25.3,1.9,4.7,0.391,0.8,2,0.403,0.4,0.6,0.636,1.4,1.8,0.3,2.1,2.4,3.5,1.4,0.2,4.9,0
Jamuni McNeace,OU,30,15.2,2,4,0.5,0,0,0,0.7,1.7,0.42,0.8,2.2,0.9,2.6,3.5,0.4,0.2,0.8,4.7,0
Matthew Mayer,BU,33,11.8,1.5,4.7,0.331,0.6,2,0.308,0.9,1.4,0.66,0.8,1,0.7,1.3,2,0.8,0.5,0.2,4.6,0
R.J. Nembhard,TCU,36,17.2,1.4,4.1,0.351,0.6,2.1,0.299,0.9,1.4,0.615,1.2,1.2,0.1,2,2.1,0.9,0.5,0.4,4.4,0
Terrence Lewis,ISU,21,9.6,1.5,3.5,0.425,0.6,1.9,0.308,0.8,1,0.85,0.6,0.8,0.5,0.5,1,0.1,0.1,0.1,4.3,0
Jericho Sims,UT,35,14.9,1.7,2.9,0.569,0,0,0,0.9,1.4,0.6,1,1.8,1.3,2.3,3.6,0.2,0.2,0.5,4.2,0
Norense Odiase,TTU,37,17.4,1.5,2.6,0.589,0,0,0,1.1,1.8,0.636,0.8,2.4,1.7,3.6,5.4,0.3,0.4,0.9,4.2,0
David McCormack,KU,34,10.7,1.6,2.6,0.625,0,0,0,0.6,1,0.6,0.8,1.1,1.2,1.8,3.1,0.4,0.2,0.4,3.9,0
Mike McGuirl,KSU,34,16.8,1.3,3.5,0.367,0.5,1.9,0.277,0.5,0.8,0.63,0.7,1.6,0.5,1,1.5,1.2,0.7,0.1,3.6,0
Yuat Alok,TCU,10,13.1,1.3,3,0.433,0,0,0,0.7,0.9,0.778,1.4,2.9,0.4,2.1,2.5,0.2,0,0.3,3.3,0
Matt Freeman,OU,32,11.1,1.1,3,0.375,0.8,2.2,0.362,0.2,0.2,0.714,0.5,1.1,0.2,1.2,1.5,0.3,0.3,0.3,3.2,0
K.J. Lawson,KU,35,9.9,1.1,2.5,0.453,0.4,1.3,0.295,0.5,0.7,0.75,0.6,1.3,0.6,1.4,2,0.5,0.2,0,3.1,0
Charlie Moore,KU,35,13.1,1,3.6,0.286,0.6,2.1,0.267,0.3,0.4,0.714,0.9,1.1,0.2,0.8,1,1.3,0.6,0.1,2.9,0
Maurice Calloo,OSU,16,10.7,1,3.1,0.327,0.1,1.1,0.118,0.4,0.8,0.5,0.7,1.4,0.6,1,1.6,0.4,0.1,0,2.5,0
Mitchell Lightfoot,KU,34,11.8,0.9,1.7,0.544,0.1,0.3,0.2,0.5,1,0.514,0.5,1.7,1,1.9,2.9,0.4,0.2,1,2.4,0
Logan Routt,WVU,34,8.2,0.9,1.7,0.534,0,0,0,0.5,1,0.471,0.4,1.2,1.2,0.9,2.1,0.2,0.1,0.4,2.3,0
Andrew Gordon,WVU,34,7,0.9,2.1,0.423,0,0,0,0.5,0.9,0.567,1.1,1.6,0.7,1.1,1.7,0.1,0.2,0.3,2.3,0
Trey Doomes,WVU,12,3.8,0.6,1.5,0.389,0,0,0,1,1.5,0.667,0.2,0.3,0.4,0.5,0.9,0.2,0.2,0,2.2,0
Lat Mayen,TCU,17,7.9,0.6,1.5,0.423,0.4,1.2,0.35,0.4,0.5,0.778,0.6,0.8,0.3,0.9,1.2,0.2,0.2,0.2,2.1,0
Kaden Archie,TCU,10,10.1,0.6,2.5,0.24,0.1,1.1,0.091,0.8,1.3,0.615,0.5,1.2,0.3,1.2,1.5,0,1,0.2,2.1,0
Darius Allen,BU,14,8.1,0.8,2.4,0.333,0.2,1.4,0.15,0.2,0.6,0.333,0.4,0.9,0.3,0.6,0.9,0.4,0.6,0.4,2,0
J.K. Hadlock,OSU,1,1,1,2,0.5,0,1,0,0,0,0,0,0,1,0,1,0,0,0,2,0
George Conditt IV,ISU,26,8,0.7,1.2,0.633,0,0,0,0.5,0.7,0.722,0.5,1.2,0.7,1,1.7,0.1,0.3,1,2,0
Austin Trice,KSU,27,8,0.7,1.2,0.594,0,0,0,0.5,1.6,0.333,0.3,0.9,1,1.7,2.6,0.1,0.1,0.2,1.9,0
"Royce Hamm, Jr.",UT,21,7.4,0.7,1.6,0.455,0,0,0,0.5,0.8,0.588,0.6,1.3,1.1,1.3,2.4,0.1,0.1,0.4,1.9,0
Kamaka Hepa,UT,27,10.3,0.6,2,0.291,0.5,1.6,0.31,0.2,0.3,0.857,0.3,0.6,0.4,1.2,1.6,0.3,0,0.3,1.9,0
Zion Griffin,ISU,17,6.6,0.6,1.9,0.344,0.4,1.5,0.24,0.2,0.4,0.429,0.1,0.4,0.3,1.3,1.6,0.1,0.1,0.1,1.8,0
Zoran Talley,ISU,21,7.5,0.9,1.5,0.613,0,0.1,0,0,0,0,0.3,0.6,0.2,0.9,1,0.4,0.1,0.2,1.8,0
Levi Stockard III,KSU,32,7.8,0.8,1.4,0.556,0,0,0,0.2,0.5,0.412,0.6,1.2,0.6,0.9,1.5,0.1,0.2,0.1,1.8,0
Flo Thamba,BU,33,10,0.6,1.2,0.538,0,0,0,0.5,0.9,0.533,0.7,1.7,0.9,1.2,2.2,0.3,0.2,0.6,1.8,0
Solomon Young,ISU,4,6.8,0.8,1.5,0.5,0.2,0.2,1,0,0,0,0,0.8,0.2,1.2,1.5,0,0.2,0,1.8,0
Tanner Taylor,OSU,2,3.5,0.5,1,0.5,0.5,1,0.5,0,0,0,0,0,0,0,0,0,0,0,1.5,0
Andrew Jones,UT,2,5.5,0,2,0,0,2,0,1.5,2,0.75,0.5,0.5,0,1,1,0.5,0.5,0,1.5,0
Shaun Neal-Williams,KSU,29,7.3,0.5,2,0.241,0.2,1.1,0.226,0.2,0.4,0.583,0.5,0.8,0.3,0.9,1.1,0.7,0.3,0.1,1.4,0
Dee Mitchell,OSU,5,4.8,0.2,0.4,0.5,0.2,0.4,0.5,0.8,1,0.8,0,0.8,0,0.2,0.2,0.2,0,0,1.4,0
Malik Ondigo,TTU,18,5.9,0.5,1.3,0.391,0,0.3,0,0.3,0.5,0.556,0.5,0.8,0.7,0.6,1.2,0.1,0,0.2,1.3,0
Kentrevious Jones,OSU,8,6.9,0.5,0.9,0.571,0,0,0,0.2,0.8,0.333,0.5,1.8,0.4,1,1.4,0.1,0.1,0,1.2,0
Gerald Liddell,UT,13,6.5,0.5,1.4,0.389,0.2,0.5,0.286,0,0,0,0.4,1.4,0.8,0.5,1.3,0.2,0,0.2,1.2,0
Obim Okeke,BU,9,3.6,0.4,1.2,0.364,0.2,1,0.222,0,0,0,0.2,0.8,0.1,0.2,0.3,0,0.2,0,1.1,0
Hannes Polla,OU,16,3.4,0.4,0.6,0.6,0,0,0,0.3,0.4,0.833,0.4,0.8,0.4,0.3,0.7,0,0,0.4,1.1,0
Parker Hicks,TTU,16,3.1,0.3,0.9,0.333,0.1,0.6,0.2,0.2,0.3,0.8,0.2,0.1,0.2,0.6,0.8,0,0.1,0.1,1,0
Kur Kuath,OU,6,5.7,0.5,1.2,0.429,0,0,0,0,0.2,0,0.3,0.5,0.3,0.5,0.8,0.2,0,0.5,1,0
Nate Schuster,ISU,3,1.7,0.3,1,0.333,0.3,0.3,1,0,0.7,0,0.7,0,0.3,1.3,1.7,0,0,0,1,0
Patrick Geha,OU,6,1.3,0.5,0.5,1,0,0,0,0,0.3,0,0.2,0,0,0,0,0,0,0,1,0
Duncan Demuth,OSU,32,8.9,0.3,1.1,0.294,0,0.1,0.333,0.3,0.8,0.375,0.4,0.9,0.7,0.6,1.3,0.2,0.2,0.1,0.9,0
Luke Major,OSU,13,3.4,0.4,0.6,0.625,0.2,0.4,0.4,0,0.3,0,0.1,0.1,0.1,0.2,0.3,0.2,0,0.1,0.9,0
Taevon Horton,WVU,11,3.1,0.4,0.9,0.4,0.1,0.6,0.143,0.1,0.2,0.5,0,0.3,0,0.3,0.3,0.3,0.1,0,0.9,0
Joshua Mballa,TTU,17,3.4,0.2,0.5,0.444,0,0.1,0,0.3,0.8,0.357,0.2,0.4,0.1,0.2,0.3,0.1,0.1,0.1,0.8,0
Blake Nevins,UT,6,1,0.2,0.3,0.5,0,0,0,0.3,0.7,0.5,0,0,0.3,0,0.3,0,0,0,0.7,0
Avery Benson,TTU,20,3.5,0.2,0.7,0.385,0,0.2,0,0.1,0.2,0.2,0.3,0.5,0.2,0.4,0.6,0.2,0.2,0.1,0.6,0
Chris Teahan,KU,11,1.7,0.2,0.5,0.4,0.2,0.5,0.4,0,0,0,0.2,0.2,0,0.1,0.1,0.1,0,0,0.5,0
Andrew Sorrells,TTU,17,3.4,0.2,0.8,0.231,0.1,0.5,0.111,0.1,0.2,0.667,0.1,0.4,0.1,0.1,0.2,0.1,0.1,0,0.5,0
Drayton Whiteside,UT,6,1,0.2,0.2,1,0.2,0.2,1,0,0,0,0.2,0,0,0,0,0,0,0,0.5,0
Pierson Mcatee,KSU,15,2,0.2,0.3,0.6,0.1,0.2,0.333,0,0.1,0,0.1,0.1,0.1,0.5,0.5,0,0,0.1,0.5,0
Owen Aschieris,TCU,10,1.9,0,0.4,0,0,0.4,0,0.4,0.4,1,0.4,0,0,0.3,0.3,0,0,0,0.4,0
James Love III,KSU,17,2.9,0.2,0.3,0.6,0,0,0,0,0,0,0.1,0.8,0.1,0.3,0.4,0,0,0,0.4,0
Eric Steyer,ISU,11,1.7,0.1,0.3,0.333,0.1,0.3,0.333,0,0,0,0,0.1,0.1,0.1,0.2,0.5,0.1,0,0.3,0
Russell Barlow,TCU,8,6.5,0.1,0.8,0.167,0,0.1,0,0,0,0,0.2,1.2,0.2,0.8,1,0,0,0,0.2,0
Nigel Shadd,KSU,13,1.5,0.1,0.2,0.333,0,0,0,0,0.2,0,0.1,0.2,0.1,0.4,0.5,0.1,0,0,0.2,0
Angus McWilliam,TCU,2,3,0,0.5,0,0,0,0,0,0,0,0.5,0,1.5,0,1.5,0,0,0,0,0
Trey Reeves,OSU,4,1,0,0.2,0,0,0.2,0,0,0,0,0,0,0,0.2,0.2,0.2,0,0,0,0
Ty Lazenby,OU,1,0,0,0,0,0,0,0,0,0,0,0,0,0,0,0,0,0,0,0,0
Khavon Moore,TTU,1,2,0,0,0,0,0,0,0,0,0,0,0,0,0,0,0,0,0,0,0
Patrick Muldoon,KSU,6,1.2,0,0.3,0,0,0.3,0,0,0,0,0.2,0.2,0.2,0.3,0.5,0,0,0,0,0
Garrett Luinstra,KU,10,1.1,0,0.3,0,0,0.1,0,0,0,0,0.1,0.3,0.1,0,0.1,0.3,0,0,0,0
Cade Wagner,OSU,2,1,0,0.5,0,0,0,0,0,0,0,0,0,0,0,0,0,0,0,0,0
Gabe Simpson,OSU,2,2,0,1.5,0,0,1.5,0,0,0,0,0,0,0.5,0,0.5,0,0,0,0,0
Read Streller,OU,3,1.3,0,0,0,0,0,0,0,0,0,0.3,0.7,0,0.3,0.3,0,0,0,0,0
Carter Boothe,ISU,3,2.3,0,0.7,0,0,0.3,0,0,0,0,0.3,0.7,0,0.3,0.3,0.3,0,0,0,0
Robert Franks,WSU,27,34.4,7.4,15.1,0.493,2.8,7,0.399,3.9,4.6,0.848,3.2,2.5,1.4,5.9,7.2,2.6,0.7,0.7,21.6,0
Bol Bol,UO,9,29.8,8.2,14.7,0.561,1.4,2.8,0.52,3.1,4.1,0.757,2,1.7,2.1,7.4,9.6,1,0.8,2.7,21,1
Tres Tinkle,OSU,30,36.4,7.2,14.8,0.483,1.8,5.4,0.329,4.7,6.1,0.77,3,2.1,2,6.1,8.1,3.8,1.7,0.5,20.8,0
Bennie Boatwright,USC,31,33.5,6.4,13.4,0.474,2.9,6.8,0.429,2.6,3.7,0.702,1.5,2.4,1.4,5.2,6.6,2.5,0.7,0.6,18.2,0
Kris Wilkes,UCLA,33,31.8,6.2,14.3,0.433,2.1,6.2,0.337,2.9,4.3,0.671,1.9,2.2,1.2,3.6,4.8,1.7,0.6,0.4,17.4,0
KZ Okpala,SU,29,32.7,5.9,12.7,0.463,1.1,3,0.368,4,6,0.671,2.9,2.5,1.2,4.5,5.7,2,1,0.5,16.8,1
Sedrick Barefield,U of U,31,32.2,5.4,13.2,0.408,3,7.7,0.388,3,3.7,0.825,2.6,2.1,0.3,1.8,2.1,3.8,0.9,0,16.8,0
Jaylen Nowell,UW,36,34.4,6.1,12.1,0.502,1.4,3.2,0.44,2.6,3.4,0.779,2.9,2.2,1,4.3,5.3,3.1,1.3,0.2,16.2,1
Luguentz Dort,ASU,34,31.5,5.1,12.6,0.405,1.6,5.2,0.307,4.3,6.1,0.7,2.9,3,1.3,3,4.3,2.3,1.5,0.2,16.1,0
Stevie Thompson,OSU,31,36.6,5.9,13.8,0.428,2,6.4,0.308,2.3,3,0.755,2,1.9,0.9,3.3,4.2,3.2,1.5,0.1,16.1,0
Nick Rakocevic,USC,33,30,5.8,10.5,0.548,0,0.1,0,3.2,4.7,0.679,1.7,3.2,3.3,6,9.3,1.3,0.8,1.4,14.7,0
C.J. Elleby,WSU,32,31,5.2,12,0.436,1.7,4,0.414,2.6,3.9,0.661,3,2.6,1.6,5.5,7.1,3,1,0.6,14.7,0
Justice Sueing,Cal,31,34.5,4.5,10.5,0.432,1.1,3.7,0.302,4.2,5.3,0.782,1.7,2.5,1.5,4.5,6,1.9,1.7,0.5,14.3,0
Jaylen Hands,UCLA,33,31.2,4.8,11.6,0.413,2,5.4,0.373,2.6,3.3,0.78,3.2,1.2,0.4,3.3,3.7,6.1,1.3,0.2,14.2,1
Ethan Thompson,OSU,31,34.4,4.3,9.7,0.444,1.4,3.8,0.359,3.7,4.6,0.797,2.4,2.6,1.2,3.8,5,3.9,0.9,0.5,13.7,0
Tyler Bey,CU,36,26.3,5.1,9.4,0.54,0.1,0.6,0.227,3.2,4.1,0.782,1.9,2.3,2.1,7.7,9.9,0.6,0.8,1.2,13.5,0
Louis King,UO,31,30.4,4.8,11,0.435,1.9,4.9,0.386,2,2.5,0.785,2.1,2.5,1.3,4.2,5.5,1.3,0.9,0.2,13.5,0
McKinley Wright,CU,35,32.4,4.6,9.3,0.494,1.1,3,0.365,2.7,3.4,0.807,3.1,1.7,0.8,4.1,4.9,4.7,1.1,0.2,13,0
Payton Pritchard,UO,38,35.5,4.4,10.5,0.417,1.7,5.2,0.328,2.4,2.9,0.838,2,2.2,0.9,3,3.9,4.6,1.8,0.1,12.9,0
Remy Martin,ASU,32,32.6,4.3,10.8,0.402,1.3,4.3,0.312,2.9,3.9,0.736,2.1,1.3,0.7,2.5,3.2,5,1.2,0,12.9,0
Jonah Mathews,USC,33,33.2,4.6,10.8,0.431,2.4,6,0.392,0.9,1.3,0.705,1.4,2.1,0.6,2.3,2.9,2.2,1.2,0.3,12.6,0
Brandon Randolph,U of A,32,28.8,4.4,11.6,0.384,1.2,4.1,0.295,2.3,3,0.781,1.3,2.3,0.7,2.6,3.3,1,0.7,0.3,12.4,0
Noah Dickerson,UW,36,25.9,4,7.2,0.556,0,0,0,4.3,6.2,0.688,2.5,2.9,2.4,5.1,7.5,0.9,1,0.6,12.3,0
Timmy Allen,U of U,29,28.8,4.4,7.6,0.575,0.1,0.2,0.571,3.3,4.6,0.735,2,3,1.6,3.6,5.1,2.4,0.9,0.2,12.2,0
David Crisp,UW,36,33.1,4.2,10.2,0.41,2.1,5.5,0.374,1.8,2.9,0.641,2,2.2,0.4,1.7,2.1,2.7,1,0.1,12.2,0
Zylan Cheatham,ASU,34,32.4,4.2,7.9,0.534,0.3,0.7,0.44,3.4,5.5,0.618,3,2.7,2.1,8.2,10.3,3.2,0.8,0.8,12.1,0
Paris Austin,Cal,29,34.5,4.1,9.4,0.44,0.3,1.1,0.281,3,4.2,0.727,2.5,2.2,0.3,2.8,3.1,4.3,1.4,0.2,11.6,0
Daejon Davis,SU,26,30.3,3.8,8.8,0.426,1.1,3.2,0.341,2.8,3.7,0.758,3.2,2.7,0.6,2.4,3,4.4,1.5,0.3,11.4,0
Brandon Williams,U of A,26,28.2,3.3,8.9,0.377,1.4,4.4,0.316,3.3,4,0.819,1.8,2,0.2,2.6,2.8,3.3,0.8,0.2,11.4,0
Rob Edwards,ASU,28,29.3,3.4,9.8,0.344,1.8,4.9,0.375,2.5,3,0.835,1.3,2,0.3,3,3.3,1.3,1,0.2,11.1,0
Darius McNeill,Cal,31,32.6,3.9,10.1,0.391,2.1,6.1,0.349,1,1.5,0.696,1.1,2.2,0.2,1.2,1.4,0.8,1.5,0.1,11,0
Chase Jeter,U of A,30,24.7,4.3,7.4,0.574,0,0,0,2.4,3.8,0.623,1.4,3,2.2,4.4,6.6,0.6,0.5,0.6,10.9,0
Matt Bradley,Cal,31,28.4,3.5,8.5,0.413,1.6,3.4,0.472,2.2,2.8,0.793,1.9,2.7,0.9,2.7,3.6,2,0.9,0.4,10.9,0
Paul White,UO,38,27,3.8,8.4,0.451,1.5,3.9,0.378,1.5,2.1,0.744,1.2,2.5,1.1,2.8,3.9,1.4,0.8,0.4,10.6,0
Donnie Tillman,U of U,31,27.3,3.3,7.4,0.439,1.4,3.9,0.361,2.6,3.3,0.786,1.3,1.9,1.3,3.9,5.3,1.6,0.6,0.3,10.5,0
Josh Sharma,SU,31,22.3,4.3,6.3,0.673,0,0.1,0,1.7,2.5,0.679,1.3,3.4,2.6,4.5,7.1,0.3,0.5,1.4,10.2,0
Shane Gatling,CU,36,26,2.9,8,0.358,1.6,5.1,0.319,2.4,2.9,0.825,1.2,1.7,0.2,1.8,1.9,1.7,0.9,0.2,9.7,0
Moses Brown,UCLA,32,23.3,4.2,6.8,0.607,0,0,0,1.4,4,0.352,1.5,2.3,3.4,4.9,8.3,0.3,0.6,1.9,9.7,0
Prince Ali,UCLA,26,24.6,3.3,7.8,0.429,1.4,4.2,0.339,1.5,2.2,0.679,1.7,1.8,0.7,2,2.7,1.5,1.3,0.2,9.6,0
Oscar da Silva,SU,31,28.3,3.6,7.8,0.467,0.9,3.6,0.257,1.3,1.9,0.683,2,2.6,1.5,4.5,6,1.8,0.7,1.3,9.5,0
"Kevin Porter, Jr.",USC,21,22.1,3.5,7.5,0.471,1.3,3.2,0.412,1.1,2.2,0.522,1.9,2.1,1,3,4,1.4,0.8,0.5,9.5,1
D'Shawn Schwartz,CU,35,28.6,3.2,7.4,0.436,1.2,3.7,0.313,1.6,2.1,0.778,1.2,2.1,1,2.8,3.7,1.3,0.4,0.2,9.2,0
Matisse Thybulle,UW,36,31.1,3.1,7.5,0.415,1.3,4.2,0.305,1.6,1.9,0.851,1.8,2.8,0.8,2.3,3.1,2.1,3.5,2.3,9.1,1
Lucas Siewert,CU,36,25.5,3.2,7.3,0.432,1.2,3.5,0.352,1.4,1.8,0.742,1.6,2.7,1.2,3.8,5,1.5,0.4,0.3,8.9,0
Justin Coleman,U of A,32,30.8,2.8,7.3,0.38,1.2,3.5,0.36,2.1,2.7,0.788,2.1,2,0.2,2.4,2.6,3.8,0.9,0,8.9,0
Cormac Ryan,SU,24,28.6,2.8,8.2,0.333,2,6.5,0.316,1.2,1.6,0.737,1.6,2.5,0.3,3.1,3.5,1.9,1,0.2,8.7,0
Romello White,ASU,34,25,3.3,5.6,0.598,0,0,0,2.1,3.6,0.579,1.3,3.1,2.3,2.9,5.2,0.3,0.4,0.7,8.7,0
Kimani Lawrence,ASU,34,25.1,2.9,6.9,0.419,1,3.1,0.314,1.8,2.4,0.747,1.4,2.6,1.1,2.4,3.5,1.3,0.6,0.2,8.6,0
Jordan Usher,USC,12,24.1,3.2,7,0.452,0.7,2.3,0.286,1.6,2.2,0.704,1.7,3,0.8,2.8,3.7,1.7,0.3,0.2,8.6,0
Parker Van Dyke,U of U,31,24.2,2.9,6.7,0.431,2.3,5.7,0.409,0.4,0.5,0.786,0.9,1.8,0.1,1.3,1.4,1.7,0.9,0.1,8.5,0
Ryan Luther,U of A,32,24.9,3.1,7,0.44,1.4,3.8,0.375,0.8,1.1,0.765,1.2,2.5,1.8,2.5,4.3,1.2,0.8,0.2,8.4,0
Shaqquan Aaron,USC,33,27.7,3.1,6.9,0.447,0.9,2.5,0.369,1.2,1.8,0.633,1.4,2.6,1,3.3,4.3,2.3,0.8,0.3,8.3,0
Evan Battey,CU,36,21.4,2.9,6.1,0.482,0.1,0.4,0.188,2.2,3.1,0.705,1,3,1.9,2.5,4.4,1.2,0.5,0.3,8.1,0
Nahziah Carter,UW,36,20.5,3,6.3,0.478,0.6,2,0.31,1.4,2.2,0.637,1,1.9,1,1.5,2.4,0.9,0.4,0.2,8.1,0
Marvin Cannon,WSU,32,21.5,2.2,5.2,0.436,0.6,1.7,0.333,2.9,3.4,0.844,1.2,1.6,1.1,2.3,3.4,0.6,0.5,0.7,7.9,0
Vante Hendrix,U of U,4,17.8,2.2,5,0.45,1.5,4.2,0.353,1.8,2,0.875,1,2,0.5,2.5,3,1.5,0.2,0,7.8,0
Both Gach,U of U,30,20.1,2.6,5.4,0.472,1,3.2,0.316,1.6,1.9,0.857,1.7,1.3,0.5,1.5,2.1,2.1,0.5,0.1,7.7,0
Kylor Kelley,OSU,31,23.5,3.2,4.9,0.654,0,0,0,1.2,2,0.613,1,2.3,1.5,3.4,5,0.4,0.3,3.4,7.7,0
Derryck Thornton,USC,32,27.8,3,7.8,0.382,0.6,2,0.286,1.1,1.7,0.66,2,1.9,0.4,2.3,2.8,4.3,1.2,0.1,7.7,0
Jules Bernard,UCLA,33,17.2,2.5,5.3,0.469,0.7,1.9,0.371,2,2.7,0.739,1.5,2.1,0.8,2.3,3.1,0.8,0.5,0.1,7.6,0
Connor Vanover,Cal,28,17.5,3,6.3,0.469,1,2.7,0.355,0.6,0.9,0.667,0.6,1.4,0.8,2.2,3,0.2,0.2,1.2,7.5,0
"Victor Bailey, Jr.",UO,37,19.1,2.5,6,0.413,1.3,3.2,0.398,1.1,1.2,0.911,0.8,1.1,0.4,1.6,2,0.9,0.6,0,7.4,0
Ahmed Ali,WSU,32,21.2,2.4,6.4,0.373,1.4,4.3,0.326,1.2,1.4,0.826,1.2,2.2,0.6,1.3,1.8,2.9,0.7,0,7.3,0
Dylan Smith,U of A,32,24.5,2.3,6.9,0.341,1.4,4.1,0.351,1.1,1.4,0.739,1.7,2.2,0.4,3.3,3.7,1.1,0.6,0.3,7.2,0
Jayce Johnson,U of U,29,21.9,3,5,0.597,0,0,0,1.2,2.9,0.4,1.2,3,2.6,5.1,7.7,0.5,0.3,1.1,7.1,0
Namon Wright,CU,14,16.9,2.1,4.6,0.446,0.9,2.4,0.382,1.9,2.3,0.844,0.7,1.1,0.4,2.4,2.9,0.9,0.4,0.2,7,0
Ira Lee,U of A,31,17.8,2.6,4.3,0.617,0,0.1,0,1.3,2.1,0.641,1.2,2.3,1.5,2.7,4.2,0.5,0.2,0.7,6.6,0
Riley Battin,U of U,31,20.1,2.4,4.9,0.483,0.9,2.4,0.36,0.8,1.1,0.686,0.9,1.6,0.8,2.6,3.4,1.2,0.2,0,6.4,0
Kenny Wooten,UO,34,24,2.5,4.3,0.589,0,0,0,1.3,1.9,0.672,1.4,2.6,1.4,3.4,4.8,0.6,0.4,2.1,6.3,0
Chris Smith,UCLA,33,19.6,2.3,5.6,0.405,0.5,1.7,0.281,1.2,1.7,0.719,1.4,1.7,0.6,3.1,3.7,1.3,0.4,0.3,6.3,0
Andre Kelly,Cal,31,19.6,2.3,4.1,0.551,0.1,0.1,0.667,1.7,2.4,0.703,0.9,2.3,1.1,2.7,3.7,0.2,0.5,0.5,6.3,0
Viont'e Daniels,WSU,24,24.5,2,4.8,0.414,1.5,3.7,0.404,0.7,0.8,0.944,1,1.5,0.2,1.5,1.8,2.7,0.5,0.2,6.2,0
Dominic Green,UW,36,22.6,2.1,5.8,0.357,1.6,4.7,0.351,0.4,0.5,0.778,0.8,1.1,0.6,2,2.7,0.7,0.6,0.2,6.1,0
Will Richardson,UO,38,24.3,2.1,4.5,0.468,0.4,1.4,0.278,1.4,2.1,0.675,1.7,1.8,0.6,1.7,2.4,2.5,1.1,0.2,6,0
Bryce Wills,SU,30,25.1,2.2,5.2,0.426,0.3,1,0.267,1.3,2.4,0.556,2.2,1.9,0.8,2.8,3.5,2,1,0.6,6,0
Carter Skaggs,WSU,25,16.7,1.9,4.9,0.385,1.6,4.4,0.358,0.7,0.8,0.895,0.8,0.7,0.2,1.5,1.7,0.7,0.3,0.1,6,0
Ehab Amin,UO,37,17.9,2.1,5.6,0.374,0.9,2.8,0.317,0.8,1.3,0.646,1,1.9,0.6,2.5,3.1,1.2,1.5,0.1,5.9,0
Taeshon Cherry,ASU,30,17.4,2.1,5.4,0.391,1.3,3.9,0.345,0.3,0.5,0.714,0.5,2.3,0.5,2.1,2.6,0.3,0.6,0.2,5.9,0
Marcus Sheffield,SU,27,16,1.9,4.7,0.402,1.1,3.1,0.357,0.7,0.8,0.864,0.7,1.2,0.3,1,1.2,0.6,0.5,0.1,5.6,0
Daylen Kountz,CU,36,17.1,2,4.6,0.433,0.4,1.4,0.308,1.2,1.8,0.646,1.1,1.3,0.1,1.3,1.4,1.3,0.4,0.1,5.6,0
Cody Riley,UCLA,30,17.5,2.1,4.4,0.474,0.2,0.7,0.3,1.1,2.2,0.523,1.4,2.3,0.9,3.2,4.1,0.7,0.3,0.4,5.5,0
David Singleton,UCLA,32,17.5,1.7,3.7,0.449,1.1,2.3,0.467,0.8,1.2,0.684,0.4,1,0.1,1.1,1.2,1,0.5,0.2,5.2,0
Gligorije Rakocevic,OSU,26,15.2,2.1,3.5,0.593,0,0.2,0.2,1,1.3,0.714,0.6,2.1,1.3,1.5,2.8,0.1,0.2,0.4,5.2,0
Elijah Weaver,USC,28,20.5,1.9,4.5,0.421,0.8,2.2,0.355,0.6,0.8,0.762,1.7,1.5,0.4,1.3,1.7,2.4,0.6,0.1,5.1,0
Alfred Hollins,OSU,31,21.2,1.7,4.5,0.377,0.4,1.7,0.231,1,1.7,0.604,1.5,1.9,1.1,2.6,3.7,1.2,0.6,0.2,4.8,0
Jeff Pollard,WSU,29,18,1.9,3.2,0.591,0.1,0.3,0.3,0.9,1.1,0.781,0.7,1.4,0.8,1.7,2.6,0.6,0.4,0.1,4.8,0
Isaiah Wade,WSU,29,14.6,2.1,3.7,0.561,0,0.2,0,0.6,1.4,0.39,0.9,2.2,1.2,2.2,3.5,0.6,0.4,0.1,4.7,0
Jervae Robinson,WSU,32,18.1,1.8,4.8,0.375,0.6,2.1,0.288,0.5,0.7,0.682,1.3,1.6,0.2,1.2,1.4,1.9,0.4,0,4.6,0
De'Quon Lake,ASU,33,13.1,1.8,2.3,0.766,0,0,0,0.9,1.4,0.638,0.7,2.6,1.6,2.1,3.7,0.1,0.3,0.8,4.5,0
Jalen Hill,UCLA,33,20.3,1.5,2.6,0.563,0,0,0,1.3,2,0.677,1.1,2.1,1.9,4.2,6,1.2,0.4,0.4,4.3,0
Deleon Brown,CU,9,21.2,1.3,4.1,0.324,0.7,2.2,0.3,0.8,1.3,0.583,1,1.9,0.2,1,1.2,0.8,0.4,0.1,4.1,0
Jaiden Delaire,SU,31,12.7,1.3,3.8,0.347,0.2,1.1,0.176,0.9,1.5,0.604,0.6,1.4,0.5,1.5,2,0.4,0.2,0.3,3.8,0
Emmanuel Akot,U of A,17,19.3,1.5,3.9,0.394,0.4,1.2,0.286,0.4,0.9,0.4,0.9,1.2,0.5,2.3,2.8,1.1,0.2,0.1,3.8,0
Zach Reichle,OSU,31,19.1,0.9,3.1,0.302,0.8,2.4,0.324,0.8,1.1,0.765,1,1.9,0.4,1.6,2,1.4,0.5,0,3.5,0
Juhwan Harris-Dyson,Cal,30,16,1.4,3.4,0.402,0,0.3,0,0.7,1.3,0.553,1.1,2.6,0.6,1.4,2,1,0.8,0.3,3.4,0
Devonaire Doutrive,U of A,26,11,1.2,2.6,0.456,0.3,0.8,0.45,0.6,1.1,0.571,0.7,1.1,1.2,1.8,3,0.7,0.5,0,3.3,0
Alex Barcello,U of A,30,9.6,1.1,2.8,0.393,0.5,1.6,0.292,0.6,0.7,0.905,0.3,1.3,0.1,0.8,0.9,0.5,0.3,0,3.3,0
Miles Norris,UO,27,10.5,1.3,2.3,0.54,0.2,0.9,0.24,0.5,1,0.5,0.3,1.7,0.5,1.4,1.9,0.1,0.5,0.3,3.3,0
Arinze Chidom,WSU,8,13.8,1.1,3.4,0.333,0.1,0.9,0.143,0.9,1.2,0.7,0.8,1.4,1.1,2.2,3.4,0.8,0.8,0.1,3.2,0
Isaac White,SU,30,8.6,1,2.3,0.426,0.7,1.9,0.393,0.4,0.6,0.667,0.5,0.7,0.2,0.8,1,0.3,0.2,0,3.1,0
Francis Okoro,UO,37,13.5,1.2,2.6,0.469,0,0,0,0.6,1.3,0.469,0.7,1.8,1.3,1.9,3.2,0.2,0.2,0.5,3.1,0
Jonah Geron,UW,1,20,1,7,0.143,1,7,0.143,0,0,0,1,4,0,2,2,1,1,0,3,0
Hameir Wright,UW,32,17.9,0.9,3.3,0.271,0.4,1.8,0.241,0.5,0.8,0.708,1.1,2.8,0.6,1.8,2.3,0.9,0.5,1.4,2.8,0
Novak Topalovic,U of U,31,12.3,1.1,2.2,0.493,0,0,0,0.6,1.1,0.606,0.7,1.5,0.7,2.4,3.1,0.2,0.1,0.6,2.8,0
Grant Anticevich,Cal,27,11.7,1.1,2.7,0.411,0.3,1,0.333,0.1,0.2,0.8,0.6,1.6,0.8,1.4,2.1,0.4,0.3,0.2,2.7,0
Aljaz Kunc,WSU,31,11.6,1,2.2,0.448,0.4,1.1,0.353,0.3,0.4,0.769,0.7,1.5,0.3,1.5,1.8,0.4,0.4,0.3,2.6,0
"Charles Jones, Jr.",U of U,27,11.8,0.9,2.6,0.352,0.5,1.7,0.311,0.3,0.5,0.538,0.7,1,0.1,0.8,0.9,0.7,0.2,0,2.6,0
Abu Kigab,UO,10,14.9,1.1,2.5,0.44,0.1,1.1,0.091,0.3,0.5,0.6,0.7,1.6,0.9,1.8,2.7,1.8,0.2,0,2.6,0
Brandon Morley,U of U,16,6.8,0.8,2.1,0.382,0.4,1.1,0.333,0.4,0.8,0.538,0.5,1.1,0.9,0.8,1.7,0.1,0.1,0.1,2.4,0
Jacobi Gordon,Cal,25,9.6,0.6,2,0.306,0.3,1.1,0.25,0.8,1.1,0.75,0.7,1,0.7,1,1.7,0.2,0.1,0,2.3,0
Alex Olesinski,UCLA,17,10.6,0.8,1.7,0.448,0.2,0.9,0.267,0.5,0.7,0.75,0.3,1.2,0.8,1.6,2.4,0.1,0.5,0.3,2.3,0
Kodye Pugh,SU,21,6.3,0.8,1.6,0.515,0.1,0.4,0.333,0.3,0.5,0.6,0.7,0.4,0.4,0.5,0.9,0.4,0.1,0,2,0
J'Raan Brooks,USC,28,8.2,0.8,1.9,0.442,0.2,0.6,0.353,0.1,0.3,0.444,0.4,1.2,0.2,1.1,1.2,0.2,0,0,2,0
Mickey Mitchell,ASU,6,8.8,0.8,1.2,0.714,0.2,0.2,1,0.2,1.3,0.125,1,1.2,1,1.7,2.7,1,0.2,0,2,0
Jordan Campbell,OSU,6,3.5,0.8,1.3,0.625,0.2,0.5,0.333,0.2,0.3,0.5,0.3,0.2,0.2,0.3,0.5,0.3,0.2,0,2,0
Sam Timmins,UW,36,10.4,0.9,1.4,0.62,0,0,0,0.2,0.6,0.364,0.8,1.8,1,1.2,2.2,0.2,0.3,0.7,1.9,0
Alexander Strating,CU,29,8,0.8,1.1,0.688,0,0,0,0.4,0.8,0.5,0.4,1,0.6,0.6,1.1,0.3,0.1,0.1,1.9,0
Antoine Vernon,OSU,30,10.9,0.4,1.2,0.371,0.3,0.7,0.429,0.6,0.6,1,0.5,1.1,0.1,0.6,0.8,0.8,0.2,0,1.8,0
Kyle Feit,ASU,3,1.7,0.7,1,0.667,0.3,0.7,0.5,0,0,0,0.3,0.3,0,0.7,0.7,0,0,0,1.7,0
Lukas Kisunas,SU,28,6.1,0.6,1.2,0.515,0,0,0,0.4,0.6,0.611,0.4,1.1,0.6,1.2,1.8,0.1,0,0.2,1.6,0
Warren Washington,OSU,27,7.8,0.6,1,0.536,0,0,0,0.2,0.4,0.5,0.3,2,0.6,0.9,1.4,0.2,0,0.3,1.3,0
Beau Rydalch,U of U,11,3,0.4,1.1,0.333,0.2,0.7,0.25,0.3,0.5,0.5,0.2,0.5,0.4,1,1.4,0.1,0,0.2,1.2,0
Elijah Hardy,UW,11,1.6,0.5,0.9,0.5,0.3,0.5,0.5,0,0,0,0.2,0.2,0,0,0,0,0.1,0,1.2,0
Elijah Parquet,CU,26,8.5,0.4,1.6,0.268,0.2,0.8,0.238,0.1,0.3,0.429,0.5,0.9,0.3,0.7,1,0.3,0.2,0.4,1.2,0
Trevor Stanback,SU,13,6.6,0.4,0.8,0.5,0,0,0,0.4,0.8,0.455,0.6,0.6,0.7,0.8,1.5,0.1,0,0.3,1.2,0
Roman Davis,Cal,16,6.8,0.4,1.6,0.28,0,0.1,0,0.2,0.9,0.267,0.3,1.3,0.3,1.5,1.8,0.1,0.1,0.1,1.1,0
Davante Cooper,WSU,19,6.1,0.5,0.8,0.667,0,0,0,0.1,0.3,0.2,0.6,0.8,0.3,0.7,1,0.2,0.1,0.3,1.1,0
Rodney Herenton,SU,6,1.8,0.5,1,0.5,0,0.2,0,0,0,0,0,0,0,0.2,0.2,0,0.2,0,1,0
Jamal Bey,UW,30,6.2,0.3,0.7,0.45,0.1,0.3,0.4,0.2,0.4,0.538,0.2,0.8,0.1,0.5,0.6,0.3,0.3,0.1,1,0
Jake Desjardins,U of A,8,2.9,0.1,0.8,0.167,0,0,0,0.6,1.5,0.417,0,0.8,0.5,0.4,0.9,0.1,0.2,0.1,0.9,0
Victor Uyaelunmo,USC,28,6.6,0.3,0.6,0.471,0,0,0,0.2,0.9,0.269,0.4,1.2,0.6,1,1.6,0.1,0.2,0.3,0.8,0
Elias Valtonen,ASU,20,3.9,0.2,0.5,0.556,0.2,0.4,0.5,0.1,0.1,1,0.3,0.3,0.1,0.3,0.4,0.1,0.1,0.2,0.8,0
Devin Fleming,USC,9,2.1,0.2,0.3,0.667,0,0,0,0.3,0.8,0.429,0.2,0.6,0,0.1,0.1,0.1,0.2,0,0.8,0
David Serge,Cal,5,0.6,0.2,0.2,1,0.2,0.2,1,0,0,0,0,0,0,0.2,0.2,0.2,0,0,0.6,0
Matt Weyand,U of A,4,1.5,0.2,0.2,1,0,0,0,0,0,0,0,0,0.2,0,0.2,0,0,0,0.5,0
Reagan Lundeen,UW,4,1.2,0,0,0,0,0,0,0.5,0.5,1,0,0,0,0,0,0,0,0,0.5,0
Kenny Nwuba,UCLA,17,2.9,0.1,0.4,0.286,0,0,0,0.2,0.4,0.429,0.3,0.9,0.3,0.4,0.6,0.1,0.1,0.1,0.4,0
McKay Anderson,USC,5,1.4,0.2,0.4,0.5,0,0,0,0,0,0,0,0,0.2,0,0.2,0,0,0,0.4,0
Jacob Orender,Cal,8,1.5,0.1,0.9,0.143,0.1,0.5,0.25,0,0,0,0.1,0.1,0,0.1,0.1,0.1,0.1,0,0.4,0
Vitaliy Shibel,ASU,17,3,0.1,0.5,0.222,0.1,0.4,0.286,0,0,0,0.2,0.8,0.1,0.3,0.4,0,0.1,0,0.4,0
Grant Fogerty,ASU,6,1,0.2,0.2,1,0,0,0,0,0,0,0,0,0,0,0,0.2,0,0,0.3,0
Jordan Salzman,ASU,6,1.2,0,0.3,0,0,0,0,0.3,0.7,0.5,0,0,0,0,0,0,0.2,0,0.3,0
Jason Crandall,UW,7,1.3,0.1,0.1,1,0,0,0,0,0,0,0,0,0.3,0.1,0.4,0,0.1,0,0.3,0
Bryan Penn-Johnson,UW,5,2.8,0,0.2,0,0,0,0,0.2,0.8,0.25,0,0.6,0,0.8,0.8,0,0,0.6,0.2,0
Marc Reininger,U of U,7,1.9,0,0.1,0,0,0,0,0.1,0.3,0.5,0.1,0,0,0.1,0.1,0,0,0.1,0.1,0
Brooks King,U of U,7,1.4,0,0.4,0,0,0.4,0,0.1,0.3,0.5,0,0.1,0,0.3,0.3,0,0,0,0.1,0
Armani Dodson,UCLA,7,1.6,0,0,0,0,0,0,0,0,0,0,0.1,0,0.4,0.4,0,0,0.1,0,0
Luke Osborn,UO,7,1.3,0,0.1,0,0,0.1,0,0,0,0,0,0,0,0.3,0.3,0,0,0,0,0
Eli Glenzel,OSU,1,0,0,0,0,0,0,0,0,0,0,0,0,0,1,1,0,0,0,0,0
Blake Welle,Cal,3,1,0,0.3,0,0,0.3,0,0,0,0,0,0,0,0.3,0.3,0,0,0,0,0
Chuck O'Bannon Jr.,USC,1,10,0,1,0,0,0,0,0,0,0,0,0,0,1,1,0,0,0,0,0
Quin Barnard,UW,6,1,0,0,0,0,0,0,0,0,0,0,0,0,0,0,0,0,0,0,0
Sam Beskind,SU,1,1,0,0,0,0,0,0,0,0,0,0,0,0,0,0,0,0,0,0,0
Kory Jones,U of A,2,1.5,0,0,0,0,0,0,0,0,0,0,0,0,0,0,0,0,0,0,0
Travis Rice,UW,7,1.1,0,0.1,0,0,0.1,0,0,0,0,0,0.1,0,0.1,0.1,0,0,0,0,0
Trevor Thompson,ASU,5,1.2,0,0.2,0,0,0,0,0,0,0,0.2,0.2,0,0.2,0.2,0,0.2,0,0,0
A.J. Martinka,CU,6,1.2,0,0.5,0,0,0,0,0,0,0,0.2,0.2,0.2,0.5,0.7,0,0,0,0,0
Kye Blaser,OSU,3,1,0,0.3,0,0,0.3,0,0,0,0,0,0,0,0,0,0,0,0,0,0
Jules Erving,Cal,3,0.7,0,0,0,0,0,0,0,0,0,0.3,0,0,0,0,0,0,0,0,0
Aidan McQuade,CU,6,1.3,0,0.2,0,0,0.2,0,0,0,0,0,0.3,0,0.2,0.2,0,0,0,0,0
Jack Roggin,ASU,2,1,0,0,0,0,0,0,0,0,0,0,1,0,0,0,0,0,0,0,0
Benan Ersek,CU,6,1.2,0,0,0,0,0,0,0,0,0,0.2,0.3,0,0.2,0.2,0,0,0,0,0
Russell Stong,UCLA,4,1.2,0,0.5,0,0,0.2,0,0,0,0,0.2,0,0,0,0,0,0,0,0,0
Will Johnson,UO,9,1.2,0,0.4,0,0,0.2,0,0,0,0,0,0.1,0,0.1,0.1,0,0,0,0,0
Jack Wilson,OSU,7,2.7,0,0.4,0,0,0,0,0,0,0,0.1,0.6,0.1,0,0.1,0,0,0,0,0
Grant Williams,UT,37,31.9,6.3,11.2,0.564,0.4,1.2,0.326,5.8,7,0.819,2.2,3,2.2,5.3,7.5,3.2,1.1,1.5,18.8,1
Quinndary Weatherspoon,MSU,34,34,6.3,12.3,0.508,1.6,4.1,0.396,4.4,5.4,0.809,2.9,2.1,1.3,3.4,4.7,2.8,1.7,0.3,18.5,1
Breein Tyree,UM,33,33.8,6,13,0.459,2.1,5.6,0.375,3.9,4.7,0.831,2.4,2,0.3,2.6,2.9,2.8,1,0.4,17.9,0
Daniel Gafford,U of A,32,28.7,6.7,10.1,0.66,0,0,0,3.6,6,0.591,2.4,2.8,2.8,5.8,8.7,0.7,0.9,2,16.9,1
Admiral Schofield,UT,37,31.8,6.4,13.6,0.474,2,4.8,0.418,1.6,2.3,0.698,1.9,2.5,1.2,5,6.1,2,0.9,0.5,16.5,1
Darius Garland,VU,5,27.8,5.8,10.8,0.537,2.2,4.6,0.478,2.4,3.2,0.75,3,1.4,0.4,3.4,3.8,2.6,0.8,0.4,16.2,1
Bryce Brown,AU,40,32,5.1,11.7,0.437,3.5,8.6,0.41,2.2,2.7,0.807,1.6,1.4,0.5,1.6,2.1,1.9,1.1,0.1,15.9,0
Jared Harper,AU,40,32.9,4.6,11.5,0.399,2.5,6.6,0.37,3.7,4.5,0.828,2.4,1.8,0.3,2.2,2.5,5.8,1.1,0.1,15.3,0
Tremont Waters,LSU,33,32.4,5.2,12.1,0.43,1.7,5.2,0.327,3.2,3.9,0.812,3.5,1.9,0.3,2.5,2.8,5.8,2.9,0.1,15.3,1
Chris Silva,USC,32,26.8,4.7,9.2,0.508,0.7,1.4,0.5,5.1,6.8,0.744,2.3,3.6,2.7,5,7.6,0.9,0.9,1.9,15.2,0
Terence Davis,UM,33,31,5.4,12.2,0.444,2,5.3,0.371,2.4,3.1,0.772,2.8,2.7,1.1,4.7,5.8,3.5,1.6,0.6,15.2,0
P.J. Washington,UK,35,29.3,5.4,10.4,0.522,0.9,2.2,0.423,3.4,5.1,0.663,2,2.5,2.3,5.2,7.5,1.8,0.9,1.2,15.2,1
Jordan Geist,MU,32,33.8,4.8,11,0.44,2,5.8,0.353,3.1,4.1,0.758,2.2,1.8,0.8,3.8,4.6,3,1.1,0,14.8,0
Tyler Herro,UK,37,32.6,5,10.9,0.462,1.6,4.6,0.355,2.4,2.5,0.935,1.6,1.3,0.4,4.1,4.5,2.5,1.1,0.3,14,1
Savion Flagg,TAMU,32,34.8,5.3,11.4,0.467,1.4,4.2,0.338,1.8,2.7,0.663,2.6,1.3,2.1,5.6,7.7,2.3,0.7,0.3,13.9,0
Isaiah Joe,U of A,34,30.1,4.4,10.5,0.413,3.3,8,0.414,1.8,2.4,0.756,1.2,1.9,0.6,2.2,2.8,1.8,1.5,0.1,13.9,0
Mason Jones,U of A,34,29.3,4,9.9,0.404,2.2,6.1,0.365,3.4,4.2,0.804,1.8,2.3,0.5,3.4,3.9,2.7,0.9,0.2,13.6,0
Naz Reid,LSU,34,27.2,5,10.7,0.468,0.8,2.5,0.333,2.7,3.8,0.727,2.5,3.2,2.5,4.7,7.2,0.9,0.7,0.7,13.6,0
"Kira Lewis, Jr.",UA,34,31.6,4.6,10.7,0.431,1.6,4.4,0.358,2.6,3.4,0.783,2.2,1.8,0.4,2.2,2.6,2.9,0.8,0.3,13.5,0
Jordan Bone,UT,37,32.9,5,10.8,0.465,1.4,3.8,0.355,2.1,2.5,0.835,2,1.3,0.5,2.7,3.2,5.8,0.7,0.1,13.5,1
Keldon Johnson,UK,37,30.7,4.6,10.1,0.461,1.2,3.2,0.381,2.9,4.2,0.703,1.6,2.2,1.3,4.5,5.9,1.6,0.8,0.2,13.5,1
Skylar Mays,LSU,35,33.1,4.1,9.7,0.421,1.6,5,0.312,3.7,4.3,0.86,1.2,1.7,0.4,2.9,3.3,2.1,1.9,0.2,13.4,0
A.J. Lawson,USC,29,30.5,4.5,10.9,0.411,1.7,4.6,0.358,2.8,4.1,0.667,2.6,2,0.9,3.4,4.3,2.9,1.1,0.2,13.4,0
Wendell Mitchell,TAMU,29,30.7,4.4,11.2,0.394,1.9,5.6,0.342,2.3,2.7,0.835,2.6,2.3,0.9,3.3,4.2,2.3,1.8,0.1,13,0
Nicolas Claxton,UGA,32,31.6,4.3,9.3,0.46,0.6,2,0.281,3.8,6,0.641,2.1,2.8,2.2,6.3,8.6,1.8,1.1,2.5,13,1
Saben Lee,VU,32,32.6,3.9,8.5,0.46,0.8,2.2,0.362,4.1,6.1,0.675,2.8,1.9,0.4,2.9,3.3,3.8,1,0.2,12.7,0
T.J. Starks,TAMU,27,27.5,4.5,12.3,0.366,1,4.6,0.224,2.3,3.5,0.649,3.8,2.3,0.5,1.7,2.2,3.5,1.2,0,12.3,0
Rayshaun Hammonds,UGA,28,24.3,4.2,8.6,0.492,0.9,2.5,0.366,2.7,3.3,0.806,2.4,3.2,1.7,4.4,6.1,1.6,0.9,0.4,12.1,0
Chuma Okeke,AU,38,29.1,4.4,8.9,0.496,1.4,3.7,0.387,1.7,2.4,0.722,1.7,1.9,2.8,4.1,6.8,1.9,1.8,1.2,12,1
Lamar Peters,MSU,34,30,4,10.1,0.398,2.5,6.6,0.386,1.3,2.1,0.643,3,2.9,0.5,1.4,2,5.2,1.7,0,11.9,0
Kevaughn Allen,UF,36,30.7,3.8,9.6,0.389,1.7,5.3,0.326,2.6,2.9,0.887,1.9,1.4,0.2,2.5,2.8,2.1,1.4,0.2,11.8,0
Mark Smith,MU,19,28.4,3.8,8.7,0.436,2.6,5.7,0.45,1.3,1.6,0.774,1.4,2.4,0.7,4.5,5.2,1.6,0.7,0.1,11.4,0
Hassani Gravett,USC,32,29.6,3.8,9.1,0.418,2,5.1,0.399,1.8,2.3,0.767,1.7,2.3,0.6,3.2,3.8,2.4,0.8,0.2,11.4,0
Reid Travis,UK,32,28.5,3.9,7.2,0.537,0.2,0.8,0.269,3.2,4.4,0.732,1.6,2.5,2.7,4.4,7.2,0.9,0.4,0.7,11.2,0
Ja'Vonte Smart,LSU,34,29.9,3.9,10.5,0.368,1.2,3.9,0.311,2.1,2.6,0.839,1.9,1.7,0.4,2.8,3.3,2.4,1.3,0.1,11.1,0
Aaron Nesmith,VU,32,29,3.6,9.1,0.392,1.8,5.5,0.337,2.1,2.5,0.825,1.6,3.1,1.1,4.5,5.5,1.4,0.7,0.6,11,0
Simi Shittu,VU,32,26.7,4.1,8.8,0.468,0,0.6,0.056,2.7,4.7,0.576,2.9,2.3,1.6,5.1,6.7,1.8,0.7,0.5,10.9,0
Lamonte Turner,UT,28,31,3.9,9.2,0.42,1.8,5.5,0.32,1.4,1.8,0.784,1.5,2.5,0.3,2.4,2.7,3.8,1.2,0.1,10.9,0
Jordan Bowden,UT,36,27.8,3.6,7.8,0.459,1.4,3.8,0.378,2.1,2.6,0.817,1,2.1,0.6,2.9,3.5,1.9,0.9,0.3,10.6,0
Donta Hall,UA,34,26.8,3.9,6.3,0.617,0,0,1,2.6,3.6,0.718,1.1,1.8,2.7,6.1,8.8,0.5,0.5,1.6,10.5,0
Tyson Carter,MSU,34,25.6,3.8,8.6,0.447,1.8,4.8,0.366,0.9,1.2,0.8,1,1.5,0.1,1.9,2,1.5,1.2,0,10.4,0
Devontae Shuler,UM,33,32.2,3.6,7.9,0.458,1.5,3.8,0.402,1.5,1.9,0.823,1.8,1.5,0.8,3.4,4.2,3,1.7,0.2,10.3,0
"John Petty, Jr.",UA,34,28.9,3.5,8.4,0.413,1.7,5,0.345,1.6,2.2,0.707,2,1.1,0.7,3.5,4.2,1.9,0.5,0.4,10.2,0
Jeremiah Tilmon,MU,31,24.2,4.1,7.5,0.545,0,0,0,2,2.9,0.681,2.2,3.6,2.4,3.5,5.9,0.6,0.5,0.8,10.1,0
Reggie Perry,MSU,34,23.9,3.5,6.9,0.502,0.3,1.1,0.282,2.4,3.4,0.716,1.5,2.9,2.6,4.6,7.2,0.6,0.6,0.7,9.7,0
Nick Weatherspoon,MSU,24,27.8,3.7,7.8,0.476,0.8,2.2,0.385,1.4,2,0.708,1.3,2,0.2,2.6,2.8,2.3,1.2,0.2,9.7,0
Derek Ogbeide,UGA,32,21.1,3.8,7.2,0.53,0,0,0,2,3.3,0.619,1.7,2.1,1.5,4.2,5.7,0.8,0.5,0.6,9.7,0
Aric Holman,MSU,34,24.4,3.4,7.2,0.473,1.3,3.1,0.429,1.4,2,0.701,1.5,1.8,2.1,4,6.2,1.2,0.9,1.6,9.5,0
Noah Locke,UF,36,25.4,3.1,8.4,0.375,2.2,5.9,0.379,0.9,1.1,0.775,0.4,1.3,0.6,1.7,2.3,0.6,0.4,0,9.4,0
Jalen Hudson,UF,36,22.5,3.1,8.7,0.355,1.2,4.4,0.28,1.9,2.6,0.72,1,1.9,0.8,2.1,2.9,0.9,0.7,0.2,9.2,0
Tyree Crump,UGA,32,20.3,2.8,7.6,0.374,2,5.8,0.348,1.5,1.9,0.783,1.5,1.4,0.2,1.5,1.7,1.5,0.4,0,9.2,0
Tevin Mack,UA,34,20.6,3.4,8.1,0.417,1.4,4.2,0.333,0.8,1.5,0.56,1.4,1.6,0.9,2.4,3.3,0.8,0.3,0.5,9,0
Keyshawn Bryant,USC,32,23.8,3.7,8.2,0.454,0.2,0.9,0.207,1.3,2.3,0.573,2,2.3,1.1,2.7,3.8,1.4,0.7,0.5,9,0
Bruce Stevens,UM,33,20.4,3.2,6.4,0.505,0.8,2.5,0.325,1.2,1.4,0.867,1.1,2.5,1.3,3.1,4.4,0.8,0.6,0.4,8.5,0
Kevarrius Hayes,UF,36,25,3.1,4.7,0.673,0,0,0,2.1,3.1,0.667,1.5,2.7,2.8,3.5,6.2,0.7,1,1.9,8.3,0
Christian Mekowulu,TAMU,32,21.4,2.8,6.1,0.469,0.1,0.3,0.273,2.5,3.6,0.702,1,2.7,2.6,3.8,6.4,0.5,0.3,1,8.3,0
J.J. Chandler,TAMU,31,23.7,2.9,6.6,0.442,0.6,2.1,0.297,1.8,2.5,0.705,1.5,2.7,0.7,2.5,3.2,1.3,1.3,0.2,8.3,0
Blake Hinson,UM,32,24,2.8,6.8,0.406,1.4,4.1,0.348,1.3,1.8,0.737,0.9,2.8,0.7,2.2,2.9,1.1,0.5,0.3,8.2,0
Matt Ryan,VU,29,24.9,2.6,7.6,0.347,2,6.2,0.328,0.8,1.1,0.75,1.1,2,0.4,2.3,2.7,0.9,0.3,0.1,8.1,0
Josh Nebo,TAMU,30,19.6,3.1,4.4,0.699,0,0,0,1.9,2.7,0.695,0.9,1.7,2.2,3.2,5.3,0.3,0.2,2.3,8.1,0
Keyontae Johnson,UF,36,23.8,3.1,6.6,0.47,0.6,1.8,0.365,1.2,1.9,0.643,1.3,2.3,1.9,4.5,6.4,1.2,1.1,0.3,8.1,0
Andrew Nembhard,UF,36,32.9,2.9,7.1,0.414,1,2.8,0.347,1.2,1.5,0.764,2.1,1.7,0.2,2.7,2.9,5.4,1.2,0.1,8,0
Quade Green,UK,9,17.8,2.4,5.4,0.449,1.2,2.9,0.423,1.9,2.1,0.895,2.3,0.8,0.3,1,1.3,2.3,1,0,8,0
Kavell Bigby-Williams,LSU,35,21.2,3.2,5.1,0.617,0,0,0,1.5,2.6,0.576,0.8,2.9,2.9,3.8,6.7,0.5,0.3,1.9,7.9,0
Jordan Harris,UGA,29,19.9,2.6,5.3,0.487,0.8,1.8,0.415,1.9,2.2,0.844,1.8,1.9,1,2.7,3.6,1.5,1.1,0.5,7.8,0
Javon Pickett,MU,31,26.1,3,8.3,0.366,1.1,3.4,0.314,0.6,1.2,0.528,1.5,2.4,1.1,2.3,3.3,1.5,0.7,0.1,7.7,0
Ashton Hagans,UK,37,28.5,2.7,5.8,0.467,0.4,1.4,0.275,1.9,2.5,0.761,2.5,2,0.6,2,2.6,4.3,1.6,0.1,7.7,0
Jalen Harris,U of A,34,30.8,2.5,7.3,0.341,0.2,2,0.116,2.4,3.5,0.689,1.9,2.2,0.5,2.4,2.9,5.4,1.1,0.2,7.6,0
Justin Minaya,USC,5,25.6,3,6.6,0.455,0.4,3,0.133,1,1.4,0.714,0.8,3.6,2,3.6,5.6,1.6,0.6,0.4,7.4,0
Kyle Alexander,UT,37,23.8,2.9,4.8,0.616,0.1,0.2,0.429,1.4,2.1,0.658,1.2,2.7,2.6,4.1,6.7,0.5,0.5,1.7,7.4,0
Samir Doughty,AU,40,24.2,2.5,5.3,0.458,1.1,2.6,0.425,1.3,1.6,0.785,1.4,2.2,1.1,2.4,3.5,1.7,1.4,0.1,7.3,0
Tre Campbell,USC,32,26.9,2.3,7.1,0.326,1.6,4.2,0.37,0.9,1.2,0.789,1.2,1.3,0.3,1.4,1.7,2.7,1,0.1,7.1,0
Kevin Puryear,MU,32,23.3,2.5,6.1,0.415,0.6,1.8,0.322,1.4,1.9,0.767,1.3,2.2,1.5,3.3,4.8,1.2,0.4,0.1,7.1,0
Dazon Ingram,UA,32,22.2,2.1,4.6,0.453,0.5,1.3,0.381,2.4,3.3,0.71,2,2.6,0.8,2.9,3.8,2.6,0.5,0.1,7.1,0
Torrance Watson,MU,32,22.8,2.3,6.2,0.365,1.7,4.6,0.361,0.8,1.2,0.692,0.8,1.6,0.3,1.2,1.5,0.5,0.2,0.1,7.1,0
Emmitt Williams,LSU,34,19.7,2.6,4.3,0.614,0,0.2,0.167,1.7,2.5,0.686,1.1,1.9,2.6,2.8,5.4,0.4,0.3,0.6,7,0
Joe Toye,VU,32,24.1,2.3,6.4,0.363,1.1,3.9,0.282,1.2,1.8,0.684,1.2,1.7,0.8,2,2.7,0.7,0.6,0.3,6.9,0
Austin Wiley,AU,29,13,2.6,4.6,0.567,0,0.1,0,1.7,2.9,0.571,1,2,1.6,2.5,4,0.1,0.2,1.2,6.9,0
Maik Kotsar,USC,30,23.3,2.8,6.4,0.438,0.1,0.2,0.5,1,2.3,0.443,1.2,2.9,1.7,3,4.7,0.9,1,0.9,6.7,0
Anfernee McLemore,AU,40,19.1,2.5,5.6,0.453,0.9,2.8,0.33,0.7,1.2,0.617,0.8,3,1,3,4,0.2,0.7,1.1,6.7,0
Marlon Taylor,LSU,35,23.4,2.3,5,0.463,0.4,1.7,0.254,1.6,2.4,0.675,1.1,1.9,1.3,2.3,3.6,0.6,0.7,0.2,6.7,0
Malik Dunbar,AU,39,17.9,2.4,5.4,0.434,1.1,3.2,0.339,0.8,1.4,0.611,0.9,1.8,0.7,2.5,3.2,0.6,0.8,0.4,6.6,0
Xavier Pinson,MU,31,18.4,2,4.9,0.412,0.8,2.1,0.4,1.7,2.2,0.779,2.3,2,0.7,1.9,2.6,2.3,0.6,0,6.6,0
Teshaun Hightower,UGA,29,17.4,2.2,5.4,0.404,0.8,2.8,0.287,1.4,2,0.712,1.8,1,0.3,1.6,1.9,1.5,0.5,0,6.6,0
Herb Jones,UA,34,21.1,2.3,5.5,0.422,0.2,0.6,0.286,1.5,3.1,0.495,2,2.8,1.1,2.4,3.5,2,0.9,0.6,6.4,0
Felipe Haase,USC,32,23.5,1.9,4.8,0.405,1,2.5,0.412,1.4,1.8,0.821,1.5,2.5,1.4,2.4,3.8,1.1,0.5,0.3,6.3,0
Riley Norris,UA,26,20,2,5,0.397,1.1,3.2,0.345,1.2,1.6,0.756,0.5,1.8,1.2,2.5,3.8,0.7,0.6,0.2,6.3,0
Alex Reese,UA,28,13.3,2,4.9,0.406,1,2.6,0.375,1.3,1.8,0.755,0.9,1.1,0.9,1.6,2.5,0.5,0.4,0.4,6.3,0
T.J. Moss,USC,7,20.6,2.3,5.9,0.39,1.1,3.4,0.333,0.6,0.9,0.667,2,1.1,0,1.9,1.9,1.9,0.6,0,6.3,0
Keith Stone,UF,17,19.2,2,5.1,0.391,0.9,2.2,0.405,1.2,1.9,0.606,1.4,2,1.2,2.7,3.9,0.6,0.8,0.5,6.1,0
K.J. Buffen,UM,33,20.9,2.1,4.4,0.472,0.1,0.5,0.25,1.8,2.5,0.69,1.7,2.5,1.5,2.8,4.4,1.2,0.8,0.5,6,0
Yanni Wetzell,VU,32,18.5,2.1,4.3,0.496,0.3,1.1,0.265,1.4,1.8,0.763,1.5,2.4,1.2,2.6,3.8,0.3,0.7,0.6,5.9,0
Brandon Mahan,TAMU,32,22.5,1.9,4.9,0.395,1.3,3.5,0.384,0.7,1.1,0.618,0.7,1.7,0.6,2.2,2.8,0.7,0.6,0.2,5.9,0
Will Jackson,UGA,32,23.8,1.8,5.2,0.341,1.2,3.8,0.314,0.8,1.1,0.794,1.3,1.7,0.5,1.3,1.8,2.1,0.6,0.2,5.6,0
Adrio Bailey,U of A,34,18.6,2.2,5,0.444,0.1,0.4,0.167,1.1,1.7,0.632,0.8,2.6,0.8,2.1,2.9,0.7,0.7,0.7,5.6,0
Robert Woodard II,MSU,34,17.5,2.1,4.6,0.468,0.4,1.3,0.273,0.9,1.5,0.58,0.6,1.1,1.4,2.7,4.1,0.7,0.5,0.5,5.5,0
Reggie Chaney,U of A,34,16.3,2.4,4.4,0.553,0,0,0,0.5,1,0.515,1.4,2.4,1.2,2.3,3.5,0.7,0.6,1.3,5.4,0
Dominik Olejniczak,UM,33,18.3,2.2,3.8,0.575,0,0,0,0.9,1.2,0.763,1,2.5,1.2,1.8,3,0.7,0.5,0.9,5.3,0
Desi Sills,U of A,34,16.9,1.6,3.7,0.44,0.9,1.9,0.46,1.2,1.7,0.702,1.6,2,0.4,0.9,1.3,1.7,0.6,0,5.3,0
Darius Days,LSU,35,14.6,1.9,3.9,0.485,0.7,1.9,0.382,0.7,1,0.743,0.5,2.7,1.7,2.3,4,0.4,0.7,0.3,5.3,0
Immanuel Quickley,UK,37,18.5,1.5,4,0.372,0.8,2.4,0.345,1.4,1.7,0.828,0.9,1.2,0.1,1.7,1.8,1.2,0.4,0,5.2,0
DeAundre Ballard,UF,28,12.2,1.8,4.3,0.413,0.7,2.3,0.312,0.4,0.6,0.75,0.8,1.1,0.6,1,1.7,0.2,0.5,0.2,4.7,0
Abdul Ado,MSU,31,24,1.6,2.7,0.614,0,0,0,1.4,2.2,0.623,1.1,2.8,1.7,2.8,4.5,0.4,0.6,1.8,4.7,0
Daryl Edwards,LSU,9,17.1,1.4,3.7,0.394,0.7,2.2,0.3,0.9,1.2,0.727,1.3,1.1,0.4,1.1,1.6,1.2,0.3,0.1,4.4,0
Horace Spencer,AU,40,15.6,1.6,3.6,0.458,0.1,0.5,0.158,0.8,1.5,0.567,0.9,2.7,2,2,4,0.4,0.9,0.8,4.2,0
J'Von Mccormick,AU,39,12.1,1.6,3.1,0.525,0.3,0.5,0.5,0.6,1,0.615,0.7,0.9,0.4,0.6,0.9,1.3,0.8,0.1,4.1,0
Keyshawn Embery-Simpson,U of A,33,14.6,1.4,4.1,0.346,0.7,2.6,0.271,0.5,0.8,0.692,0.7,1.3,0.3,0.9,1.2,0.6,0.7,0.1,4.1,0
Noah Thomas,LSU,1,19,2,2,1,0,0,0,0,0,0,1,0,1,3,4,0,0,0,4,0
Nick Richards,UK,37,12.1,1.3,2.2,0.598,0,0,0,1.3,1.9,0.69,0.7,2.1,1.5,1.8,3.3,0.2,0.1,1.3,4,0
Max Evans,VU,31,13.5,1.2,3.1,0.392,0.5,1.7,0.308,0.8,1.3,0.634,1,0.8,0.4,1,1.4,1.2,0.3,0.1,3.8,0
Galin Smith,UA,30,13,1.6,3.1,0.522,0,0,0,0.7,1.5,0.444,1.1,1.8,1,1.2,2.2,0.1,0.1,0.5,3.8,0
Isiah Jasey,TAMU,5,9,1.6,1.8,0.889,0,0,0,0.6,1.6,0.375,0.2,1.6,1.2,1.2,2.4,0.2,0.8,0.8,3.8,0
E.J. Montgomery,UK,37,15.1,1.6,3.4,0.48,0.1,0.3,0.2,0.5,0.8,0.567,0.8,2.1,1.7,2.4,4.1,0.4,0.4,1,3.8,0
Danjel Purifoy,AU,28,12.3,1.3,3.2,0.407,0.7,2,0.357,0.3,0.5,0.692,0.3,1.1,0.6,1.5,2.1,0.6,0.6,0,3.7,0
Matthew Moyer,VU,31,13.5,1.1,3.3,0.34,0.4,1.6,0.245,1,1.5,0.711,0.7,1.5,1.3,1.7,3,0.6,0.2,0.3,3.7,0
John Walker III,TAMU,29,13.5,1.1,2.4,0.457,0.2,0.8,0.304,0.9,1.4,0.619,1.1,1.2,0.9,1.6,2.4,0.6,0.5,0.2,3.3,0
Clevon Brown,VU,32,16.5,1.4,2.8,0.484,0.1,0.4,0.143,0.5,1.1,0.457,0.7,2.1,1.5,1.4,2.8,0.5,0.2,1.2,3.3,0
John Fulkerson,UT,36,12,1.2,2,0.583,0,0,0,0.8,1.2,0.644,0.6,1.9,1.1,1.6,2.6,0.7,0.5,0.7,3.1,0
E'Torrion Wilridge,UGA,29,18.7,0.9,2.4,0.38,0.1,0.7,0.15,1.2,1.7,0.694,1.1,1.2,0.8,1.4,2.2,1.3,0.5,0.4,3.1,0
Gabe Osabuohien,U of A,34,15.1,1.1,3.4,0.328,0.2,0.9,0.2,0.7,1.5,0.471,1.1,2.8,1.4,1.8,3.2,1.3,0.9,0.4,3.1,0
Reed Nikko,MU,32,11.2,1.3,2.2,0.606,0,0,0,0.3,0.6,0.579,0.8,1.8,0.9,1.2,2.1,0.2,0.2,0.4,3,0
Chase Johnson,UF,2,6,1.5,2,0.75,0,0,0,0,1.5,0,0,1,1,1,2,0,0,0.5,3,0
Dontay Bassett,UF,35,11.3,0.9,2,0.465,0.1,0.4,0.267,0.7,1.1,0.65,0.6,1.9,1.1,1.2,2.3,0.2,0.2,0.5,2.7,0
Alanzo Frink,USC,24,8.8,1.1,2.5,0.441,0.1,0.4,0.222,0.5,1,0.44,0.6,2.2,0.9,0.9,1.8,0.2,0.3,0.3,2.7,0
Isaiah Stokes,UF,26,7.1,1.1,2.3,0.459,0,0.2,0,0.5,0.8,0.667,0.8,1.5,0.3,0.6,1,0.4,0.2,0.1,2.7,0
Marshall Graves,LSU,11,7.8,0.8,2.4,0.346,0.7,2,0.364,0.2,0.2,1,0,0.4,0.2,0.5,0.6,0.2,0.2,0.1,2.5,0
Mitchell Smith,MU,31,11.7,0.9,1.9,0.45,0.3,0.8,0.417,0.5,0.7,0.667,0.7,1.3,0.7,1.7,2.5,0.5,0.3,0.2,2.5,0
Tye Fagan,UGA,31,11.5,1,2,0.508,0.1,0.4,0.333,0.3,0.3,1,0.9,0.5,0.5,1,1.5,0.7,0.2,0.2,2.5,0
"Jemarl Baker, Jr.",UK,28,9.1,0.7,2.2,0.328,0.5,1.5,0.31,0.4,0.5,0.733,0.4,0.8,0,0.5,0.5,0.4,0.1,0.1,2.3,0
Yves Pons,UT,35,11.7,0.9,1.8,0.516,0.2,0.7,0.28,0.2,0.4,0.4,0.6,1.2,0.5,1.3,1.8,0.5,0.3,0.4,2.2,0
D.C. Davis,UM,33,12.2,0.7,1.7,0.411,0.2,0.8,0.259,0.6,0.8,0.731,0.3,0.8,0.5,1,1.5,0.8,0.3,0,2.2,0
Amanze Ngumezi,UGA,31,6.5,0.7,2.1,0.344,0.2,0.7,0.273,0.5,0.9,0.536,0.4,1.1,0.4,0.5,0.9,0.2,0,0.1,2.1,0
Daniel Giddens,UA,14,8.2,0.7,2,0.357,0,0.1,0,0.5,1.3,0.389,0.9,1.6,0.9,0.9,1.9,0.4,0,0.5,1.9,0
"Avery Johnson, Jr.",UA,32,9.7,0.7,2.3,0.301,0.1,0.8,0.148,0.3,0.3,0.9,0.3,0.8,0.1,0.7,0.8,0.7,0.2,0,1.8,0
Ignas Sargiunas,UGA,20,5.8,0.6,1.5,0.4,0.2,0.8,0.294,0.3,0.3,0.857,0.5,0.4,0.1,0.3,0.5,0.5,0.1,0,1.8,0
Brian Halums,UM,12,3.5,0.5,1.8,0.273,0.1,0.5,0.167,0.7,1,0.667,0.1,0.5,0.3,0.1,0.4,0.2,0,0,1.8,0
Ronnie Suggs,MU,27,9,0.5,1.6,0.295,0.3,0.9,0.304,0.5,0.8,0.591,0.6,1,0.3,0.9,1.3,0.3,0.1,0,1.7,0
Brad Woodson,UT,5,2.4,0.4,0.8,0.5,0.4,0.6,0.667,0.4,0.4,1,0,0.2,0,0.2,0.2,0.4,0.2,0,1.6,0
Jalen Johnson,UT,26,5.8,0.5,1.1,0.483,0.3,0.8,0.45,0.1,0.1,0.667,0.2,0.7,0.3,0.5,0.7,0.3,0.1,0,1.5,0
Ty Stevens,U of A,2,1,0.5,0.5,1,0,0,0,0.5,0.5,1,0,0,0,0,0,0,0,0,1.5,0
Jordan Phillips,U of A,7,5.4,0.4,2.9,0.15,0,0.9,0,0.6,0.6,1,0.3,0.9,0.1,0.6,0.7,0,0.1,0,1.4,0
Mike Okauru,UF,35,6.6,0.5,1.3,0.378,0.2,0.7,0.25,0.3,0.4,0.692,0.3,0.9,0.1,0.5,0.6,0.3,0.2,0,1.4,0
JoJo Toppin,UGA,18,5.5,0.4,1.2,0.364,0.1,0.3,0.2,0.4,0.6,0.8,0.6,0.7,0.4,0.3,0.7,0.2,0.1,0.1,1.4,0
Evan Hinson,USC,15,9.5,0.5,2.2,0.212,0.1,1.3,0.1,0.3,0.3,0.8,0.5,0.7,0.4,0.7,1.1,0.2,0.2,0,1.3,0
Mac Hunt,VU,4,1.5,0.5,0.5,1,0.2,0.2,1,0,0,0,0,0,0,0,0,0.2,0,0,1.2,0
K.J. Santos,MU,20,12.3,0.6,1.8,0.314,0.1,0.5,0.222,0.1,0.3,0.143,0.8,1.4,0.4,1.4,1.9,0.3,0.1,0,1.2,0
Andrew Fava,UF,5,1.4,0.4,0.8,0.5,0.2,0.6,0.333,0.2,0.4,0.5,0.2,0.2,0,0.2,0.2,0,0,0,1.2,0
Jonathan Holmes,U of A,5,2.2,0.4,1.4,0.286,0.4,1,0.4,0,0,0,0.2,0.2,0,0,0,0,0,0,1.2,0
Luis Rodriguez,UM,25,6.1,0.4,0.9,0.455,0,0.1,0,0.3,0.3,0.875,0.3,0.6,0.4,0.7,1.1,0.6,0.2,0.3,1.1,0
Christian Harrison,UGA,23,7.1,0.4,0.6,0.692,0,0,0,0.3,0.5,0.545,0.4,1,0.4,0.9,1.3,0.5,0.4,0.1,1,0
T.J. Gray,MSU,5,2.4,0.4,1.2,0.333,0.2,0.6,0.333,0,0,0,0.6,0,0,0,0,0,0,0,1,0
Ethan Henderson,U of A,12,4.2,0.4,0.8,0.5,0,0,0,0.1,0.2,0.333,0.2,0.5,0.2,0.8,1,0.2,0.2,0.2,0.9,0
Mark French,TAMU,16,6,0.3,0.8,0.417,0.1,0.2,0.667,0.1,0.1,1,0.2,0.2,0,0.4,0.4,0.6,0.2,0,0.9,0
Myles Parker,AU,13,2.1,0.3,1.1,0.286,0.1,0.4,0.2,0.2,0.3,0.5,0.2,0.5,0,0.1,0.1,0,0.1,0,0.8,0
Derrick Walker,UT,30,5.3,0.3,0.6,0.526,0,0,0,0.2,0.6,0.263,0.2,0.9,0.3,0.8,1.1,0.2,0.2,0.1,0.8,0
Zach Naylor,UM,19,4.6,0.3,0.6,0.417,0.1,0.4,0.286,0.1,0.1,1,0.3,0.6,0.4,0.5,0.9,0.3,0.1,0.1,0.7,0
Lucas Campbell,UT,7,2,0.3,1.3,0.222,0.1,0.6,0.25,0,0,0,0.1,0.1,0,0.4,0.4,0.1,0.1,0,0.7,0
Chris Collins,TAMU,25,14.7,0.1,1.4,0.086,0.1,1.2,0.067,0.4,0.4,0.9,0.4,1.1,0.1,1.1,1.2,1.1,0.5,0,0.7,0
E.J. Datcher,MSU,6,2.8,0.2,0.5,0.333,0.2,0.3,0.5,0.2,0.3,0.5,0.2,1,0,1,1,0,0.2,0,0.7,0
Quad Borup,USC,3,1.3,0.3,0.3,1,0,0,0,0,0,0,0,0,0,0,0,0,0,0,0.7,0
Jacob Fleschman,UT,5,2.4,0.2,0.8,0.25,0.2,0.6,0.333,0,0,0,0.6,0.4,0,0.2,0.2,0.2,0,0,0.6,0
KeyShawn Feazell,MSU,22,4.6,0.2,0.5,0.5,0,0.1,0.5,0.1,0.1,1,0.5,1.2,0.3,0.7,1,0,0,0.1,0.6,0
Preston Cook,AU,8,1.2,0.2,0.6,0.4,0,0.1,0,0,0,0,0,0.1,0.4,0.1,0.5,0.1,0.1,0,0.5,0
Tate Clayton,MSU,4,2,0.2,0.2,1,0,0,0,0,0,0,0,0,0.2,0,0.2,0.2,0,0,0.5,0
Devontae Williams,AU,6,1.7,0.2,0.3,0.5,0.2,0.3,0.5,0,0,0,0.2,0.2,0,0,0,0,0,0,0.5,0
Will Macoy,AU,11,2.1,0.1,0.5,0.2,0,0.3,0,0.3,0.5,0.6,0.1,0,0,0.1,0.1,0.1,0.2,0.2,0.5,0
Will Reese,LSU,9,2.8,0.2,0.7,0.333,0,0.2,0,0,0,0,0.1,0.1,0.2,0.2,0.4,0.3,0.1,0,0.4,0
Chase Maasdorp,AU,9,2,0.1,0.7,0.167,0.1,0.2,0.5,0.1,0.4,0.25,0.3,0.3,0.1,0,0.1,0,0.1,0,0.4,0
Cole Blackstock,AU,11,2,0,0.2,0,0,0,0,0.4,0.5,0.667,0,0.7,0.2,0.3,0.5,0.1,0,0.2,0.4,0
Antonio Morgano,UM,6,0.8,0.2,0.3,0.5,0,0.2,0,0,0,0,0,0.3,0.2,0,0.2,0,0,0,0.3,0
Mike Edwards,UGA,14,3.4,0.1,0.5,0.286,0,0.1,0,0,0.2,0,0.4,0.2,0.1,0.6,0.6,0.1,0.1,0,0.3,0
Mak Krause,UF,7,1.1,0.1,0.1,1,0,0,0,0,0,0,0.3,0.1,0,0.1,0.1,0,0,0,0.3,0
Connor O'Neill,UGA,9,1.8,0,0,0,0,0,0,0.1,0.2,0.5,0,0.2,0.2,0.2,0.4,0.1,0,0,0.1,0
Britton Johnson,UA,4,0.8,0,0,0,0,0,0,0,0,0,0,0,0,0.2,0.2,0,0,0.2,0,0
Brock Jancek,UT,6,1.5,0,0.5,0,0,0,0,0,0,0,0,0,0,0.3,0.3,0,0,0.2,0,0
Luke McGhee,TAMU,1,1,0,0,0,0,0,0,0,0,0,0,0,0,0,0,0,0,0,0,0
Brooks Ford,MU,4,1,0,0,0,0,0,0,0,0,0,0,0,0,0,0,0,0,0,0,0
Nathan Nelson,USC,4,1.5,0,0.5,0,0,0.2,0,0,0,0,0,0.2,0,0.2,0.2,0,0.2,0,0,0
Jonny David,UK,10,1.4,0,0,0,0,0,0,0,0,0,0.1,0.1,0.1,0,0.1,0,0,0,0,0
Tyler Barnes,UA,4,1,0,0.5,0,0,0,0,0,0,0,0,0,0,0,0,0,0,0.2,0,0
Adam Wolf,MU,4,1,0,0.2,0,0,0.2,0,0,0,0,0,0,0,0,0,0,0,0,0,0
Isaiah Rice,VU,4,1.5,0,0,0,0,0,0,0,0,0,0.2,0,0,0,0,0,0,0,0,0
Jason Cudd,USC,5,5.6,0,0.2,0,0,0,0,0,0,0,0.2,0.6,0,0.6,0.6,0,0,0,0,0
Evan Yerkes,MU,1,2,0,0,0,0,0,0,0,0,0,1,0,0,0,0,0,0,0,0,0
Frank Byers,TAMU,3,0.3,0,0,0,0,0,0,0,0,0,0.3,0,0,0,0,0,0,0,0,0
Cameron Alo,TAMU,1,1,0,0,0,0,0,0,0,0,0,1,0,0,0,0,0,0,0,0,0
John Brown,TAMU,5,2.4,0,0.2,0,0,0,0,0,0,0,0.2,0.2,0,0,0,0,0.2,0,0,0
Zach Walker,TAMU,4,3,0,0.5,0,0,0.2,0,0,0.5,0,0.2,0,0,0,0,0.2,0,0.2,0,0
Christian Guess,MU,1,7,0,0,0,0,0,0,0,0,0,0,3,0,0,0,0,0,0,0,0
Thomas Collier,AU,8,1.4,0,0.2,0,0,0,0,0,0,0,0.1,0.1,0.1,0,0.1,0,0,0,0,0
Mitch Storm,MSU,4,2.5,0,0.5,0,0,0.2,0,0,0,0,0,0.2,0,0,0,0,0,0,0,0
Lawson Schaffer,UA,9,1.7,0,0.7,0,0,0.4,0,0,0,0,0.1,0.2,0,0.1,0.1,0,0.1,0,0,0